Entry_Number,Description,Category,Weight_g,Location,Page
Entry-1-0,"unlawfully did possess a controlled dangerous substance ofSchedule r, to wit: Cannabis, in the",Flower,,,1
Entry-1-1,"nuisance, to wit: a Building forthe illegal distribution a Controlled Dangerous Substance, to wit:",Preroll,,,1
Entry-1-2,"Cannabis. Schedule I, against the peace, government and dignity ofthe State.",Flower,,,1
Entry-1-3,"common nuisance, to wit: a Building for the illegal distribution a Controlled Dangerous",Preroll,,,1
Entry-1-4,"Substance, to wit: Cannabis, Schedule l, against the peace, government and dignity ofthe State.",Flower,,,1
Entry-2-10,"Substance, to wit: Cannabis, Schedule I, against the peace, government and dignity ofthe State.",Flower,,,2
Entry-2-5,"nuisance, to wit: a Building for the illegal distribution a Controlled Dangerous Substance, to",Preroll,,,2
Entry-2-6,"wit: Cannabis, Schedule I, against the peace, government and dignity ofthe State.",Flower,,,2
Entry-2-7,"common nuisance, to wit: a Building forthe illegal distribution a Controlled Dangerous",Preroll,,,2
Entry-2-8,"Substance, to wit: Cannabis, Schedule l. against the peace, government and dignity ofthe State.",Flower,,,2
Entry-2-9,"common nuisance, to wit: aBuilding for the illegal distribution a Controlled Dangerous",Preroll,,,2
Entry-3-11,"kilograms ofCannabis, against the peace, government and dignity ofthe State.",Flower,,,3
Entry-3-13,"controlled dangerous substance ofSchedule I, to wit: Psilocybin, in sufficient quantity to indicate",Preroll,,,3
Entry-3-14,"an intent to distribute such controlled dangerous substance, against the peace, government and",Preroll,,,3
Entry-3-15,Cannabis in sufficient quantity to reasonably indicate under all circumstances an intent to,Flower,,,3
Entry-3-16,"distribute said Cannabis, against the peace, government and dignity ofthe State.",Flower,,,3
I 0730,(CDS:IMPORT 5-45 KILO CANNABIS CR.5.614.(b) I 0730),Flower,,,3
l 1692,(Cds Poss W/lnt Dist-Cannabis CR.5.602.(b) l 1692),Flower,,,3
Entry-4-18,"Employees, to distribute a controlled dangerous substance ofSchedule I, to wit: Cannabis,",Flower,,,4
Entry-4-19,"to distributeacontrolled dangerous substance ofSchedule I, to wit: Cannabis, against the peace,",Flower,,,4
Entry-4-20,"Employees, to distribute a controlled dangerous substance ofSchedule I, to wit: Cannabis,",Flower,,,4
Entry-5-21,"Employees, to distribute a controlled dangerous substance ofSchedule I, to wit: Cannabis,",Flower,,,5
Entry-5-22,"controlled dangerous substanceofSchedule l. to wit: Cannabis, against the peace, government",Flower,,,5
Entry-5-23,"controlled dangerous substance ofSchedule I, to wit: Cannabis, against the peace, government",Flower,,,5
Entry-6-24,"lo distribute acontrolled dangerous substance ofSchedule I, to wit: Cannabis, against the peace,",Flower,,,6
Entry-6-25,"lo distribute acontrolled dangerous substance ofSchedule I, to wit: Cannabis, against the peace,",Flower,,,6
Entry-6-26,"Employees, to distribute a conlrolled dangerous substance ofSchedule [, to wit: Cannabis.",Flower,,,6
Entry-7-27,"Employees, to distribute a controlled dangerous substance ofSchedule I, to wit: Cannabis,",Flower,,,7
Entry-8-28,Count7-Cds:Import 5-45Kilo Cannabis--CR.5.614.(b)-1 0730,Flower,,,8
Entry-8-29,Count9-Cds PossW/lntDist-Cannabis--CR.5.602.(b)---1 1692,Flower,,,8
Entry-10-30,"unlawfully did possess a controlled dangerous substance ofSchedule I, to wit: Cannabis, in the",Flower,,,10
Entry-10-31,"nuisance, Lo wit: a Building for the illegal distribution a Controlled Dangerous Substance, to wit:",Preroll,,,10
Entry-10-32,"Cannabis, Schedule I, against the peace, government and dignity ofthe State.",Flower,,,10
Entry-10-33,"common nuisance, to wit: a Building for the illegal distribution a Controlled Dangerous",Preroll,,,10
Entry-10-34,"Substance, to wit: Cannabis, Schedule I, against the peace, government and dignity ofthe State.",Flower,,,10
Entry-11-35,"nuisance, to wit: a Building for the illegal distribution a Controlled Dangerous Substance, to wit:",Preroll,,,11
Entry-11-36,"Cannabis, Schedule I, against the peace, government and dignity ofthe State.",Flower,,,11
Entry-11-37,"common nuisance, to wit: a Building for the illegal distribution a Controlled Dangerous",Preroll,,,11
Entry-11-38,"Substance, to wit: Cannabis, Schedule I, against the peace, governmentand dignity ofthe State.",Flower,,,11
Entry-11-39,"common nuisance, to wit: a Building for the illegal distribution a Controlled Dangerous",Preroll,,,11
Entry-11-40,"Substance, to wit: Cannabis, Schedule I, against the peace, government and dignity ofthe State.",Flower,,,11
Entry-12-41,"kilograms ofCannabis, against the peace, government and dignity ofthe State.",Flower,,,12
Entry-12-42,(CDS:IMPORT 5-45 KILO CANNABIS - CR.5.614.(b) - 1 0730),Flower,,,12
Entry-12-43,"County aforesaid, unlawfully did possess a contro11ed dangerous substance ofSchedule I, to wit:",Ambiguous,,,12
Entry-12-44,"Psilocybin, in sufficient quantity to indicate an intent to distribute suchcontrolled dangerous",Preroll,,,12
Entry-12-45,"substance, against the peace, governmentand dignity ofthe State.",Ambiguous,,,12
Entry-12-46,Cannabis in sufficient quantity to reasonably indicate under all circumstances an intent to,Flower,,,12
Entry-12-47,"distribute said Cannabis, against the peace, government and dignity ofthe State.",Flower,,,12
l 1692,(Cds Poss W/Int Dist-Cannabis- CR.5.602.(b) l 1692),Flower,,,12
Entry-13-49,"Employees, to distribute acontrolled dangerous substance ofSchedule 1, to wit: Cannabis,",Flower,,,13
Entry-13-50,"distribute acontrolled dangerous substanceofSchedule I, to wit: Cannabis, against the peace,",Flower,,,13
Entry-13-51,"distribute a controlled dangerous substance ofSchedule 1, to wit: Cannabis, against the peace,",Flower,,,13
Entry-14-52,"Employees, to distribute acontrolled dangerous substance ofSchedule l, to wit: Cannabis.",Flower,,,14
Entry-14-53,"controlled dangerous substance ofSchedule I, to wit: Cannabis, against the peace, government",Flower,,,14
Entry-14-54,"controlled dangerous substance ofSchedule I, to wit: Cannabis, against the peace, government",Flower,,,14
Entry-15-55,"distribute a controlled dangerous substance orSchedule l, to wit: Cannabis, against the peace,",Flower,,,15
Entry-15-56,"distribute a controlled dangerous substance ofSchedule I, to wit: Cannabis, against the peace,",Flower,,,15
Entry-15-57,"to distribute a controlled dangerous substance ofSchedule 1, to wit: Cannabis, against the peace.",Flower,,,15
Entry-16-58,"to distribute a controlled dangerous substance ofSchedule I, to wit: Cannabis, against the peace,",Flower,,,16
Entry-17-59,Count7-Cds:Import 5-45KiloCannabis-CR.5.614.(b)--1 0730,Flower,,,17
Entry-17-60,Count 9-Cds Poss W/IntOist-Cannabis-CR.5.602.(b)--1 1692,Flower,,,17
Entry-19-61,"investigating the distribution of Cannabis by Zaheer Bahar, an Asian male, having a date of birth of January",Flower,,,19
Entry-19-62,gradeCannabis underthe guiseofthe Cannabisbeingsold as a CBDorhempderivedproducts. Your affiantknows,Flower,,,19
Entry-20-63,CBDor Hempderivedproducts andthat only licensed Cannabis businesses suchas dispensaries can sell Cannabis.,Flower,,,20
Entry-20-64,Maryland state law prohibits anyone without a Cannabis license from distributing a product intended for human,Flower,,,20
Entry-20-65,consumptionor inhalationthatcontains morethan 0.5milligrams ofTetrahydrocannabinol(THC) or2.5 milligrams,Unknown,,,20
Entry-21-66,"Aberdeen, Maryland 21001, was participating in the distribution ofhigh-grade Cannabis. CI-1 is a past, proven,",Flower,,,21
Entry-21-67,"Detective Epps advised SergeantHelf, who then stopped Lewi forlittering. Detective Helfthenobserved a vapein",Cartridge,,,21
Entry-21-68,Lewi'srightpocket. Lewiinformed Sergeant Helfthat he(Lewi) was only 19 years old and thatthe vapecost him,Cartridge,,,21
Entry-21-69,to purchase Cannabis from the employee on location at the time. The employee advised Sergeant Helfto go to a,Flower,,at the time,21
Entry-21-70,"an addictive chemical. While in the store, Detective Sergeant Helfobserved various forms ofCannabis ondisplay",Flower,,,21
Entry-22-71,"Detective Armiger knows from his training, knowledge, and experience that the amount of Cannabis and U.S.",Flower,,,22
Entry-22-72,individual to possess for anypurposepermitted by law. Detective Armiger is aware that this amount ofCannabis,Flower,,,22
Entry-22-73,"During the third week of February 2025, Detective Sergeant Helf conducted a controlled purchase of",Preroll,,,22
Entry-22-74,Cannabis fromtheAll In OneFood Mart utilizingCI-1. ThepurchasedCannabis waslatertransported byDetective,Flower,,,22
Entry-22-78,"were conductedand it was learned thatall oftheir retail store locations were involved in thesale ofCannabis, and",Flower,,locations were involved in the,22
at 1215,"Sergeant Helfto the Maryland Alcohol, Tobacco, and Cannabis Commission (ATCC), located at 1215 East Fort",Flower,,,22
of 25,Cannabis Analyzer. The purchased Cannabis tested at a percent of 25.4% total Tetrahydrocannabinol (THC).,Flower,,,22
of25,advertised test results bytheproduct manufacturerthatit contained a total THC content of25%.,Unknown,,,22
Entry-23-80,"cartridges, pre-rolled Cannabis cigarettes (commonly referred to as Joints/Blunts), as well as various mushroom",Flower,,,23
Entry-23-81,edibles which were sold under the guise to have hallucinogenic properties like Psilocybin. While conducting,Edible,,,23
Entry-23-82,"undercoverpurchases, the detectives buying the products would referto them in common Cannabis terms such as",Flower,,,23
Entry-23-83,"""Flower"" and""Pre-Rolls."" Theundercover detectiveswould engage theclerks in discussions in whichthey stated,",Flower,,,23
Entry-23-84,"• THC Oil/Concentrate-3,295.3 Grams",Concentrate,295.3,,23
Entry-23-85,• Pre-Rolled Cannabis - 307.5 Grams,Flower,307.5,,23
Entry-23-86,• Pre-Packaged Cannabis-603.5 Grams,Flower,603.5,,23
Entry-23-87,"• LooseBulkCannabis - 2,691.8 Grams",Flower,691.8,,23
Entry-23-88,"• Suspected PsilocybinEdibles/Gumrnies - 2,499.4 Grams",Edible,499.4,,23
Entry-23-89,• THCGummies/Edibles-847.54 Grams,Edible,847.54,,23
Entry-23-90,• PackagingMaterials,Ambiguous,,,23
Entry-23-91,• THC Cartridges 200 Grams,Cartridge,200.0,,23
Entry-23-92,• THCOil - 71 Grams,Concentrate,71.0,,23
Entry-23-93,• Pre-Rolled Cannabis,Flower,,,23
Entry-23-94,• Pre-PackagedCannabis - 956 gramsofTHC,Flower,,,23
Entry-23-95,• LooseBulkCannabis 956 Grams ofTHC,Flower,956.0,,23
Entry-23-96,• Suspected PsilocybinEdibles/Gummies - 22l grams,Edible,,,23
Entry-23-97,"• THCGummies - 2,094.15 grams",Edible,94.15,,23
s,"Cannabis related items such as THC edibles and gum.mies, THC oil (commonly referred to as Dabs), THC",Flower,,,23
Entry-24-100,• THC Cartridges - 981.2 Grams,Cartridge,981.2,,24
Entry-24-101,• THCOil - 28 Grams,Concentrate,28.0,,24
Entry-24-102,"• Pre-RolledCannabis - 2,066.5 Grams",Flower,66.5,,24
Entry-24-103,"• Pre-PackagedCannabis-3,294.75 Grams",Flower,294.75,,24
Entry-24-104,• THC Gummies-912.13 Grams,Edible,912.13,,24
Entry-24-105,• SuspectedPsílocybin Edibles/Gummies - 460Grams,Edible,460.0,,24
Entry-24-106,• Box Containing Various PackagingMaterial,Ambiguous,,,24
Entry-24-107,• THC Cartridges -767 Grams,Cartridge,767.0,,24
Entry-24-108,• THCOil-56 Grams,Concentrate,56.0,,24
Entry-24-109,• Pre-Rolled Cannabis-373.5 Grams,Flower,373.5,,24
Entry-24-110,• Pre-Packaged Cannabis-613.5 Grams,Flower,613.5,,24
Entry-24-111,• THCGummies -345.9 Grams,Edible,345.9,,24
Entry-24-112,• SuspectedPsilocybin Edibles/Gummies - 23.8 Grams,Edible,23.8,,24
Entry-24-113,"• THCCartridges - 7,985.4 Grams",Cartridge,985.4,,24
Entry-24-114,• THC Oil - 374Grams,Concentrate,374.0,,24
Entry-24-115,"• Pre-Rolled Cannabis - 3,566.95Grams",Flower,566.95,,24
Entry-24-116,"• Pre-Packaged Cannabis - 2,128.3 Grams",Flower,128.3,,24
Entry-24-117,"• LooseBulkCannabis- 3,057 Grams",Flower,57.0,,24
Entry-24-118,"• THC Edibles/Gummies -6,348.4Grams",Edible,348.4,,24
Entry-24-119,"• SuspectedPsilocybinEdibles/Gummies - 1,453.68Grams",Edible,453.68,,24
Entry-24-120,"Detective Armiger knows that Maryland is a total THC state, where some states throughout the United",Unknown,,,24
Entry-24-121,Cannabis sample's total THC mustnot exceed 0.3% onadryweight basis.,Flower,,,24
Entry-24-98,• THC - 2918.3 Grams,Unknown,2918.3,,24
Entry-24-99,• SuspectedPsilocybin Edibles/Gummies - 616.6 Grams,Edible,616.6,,24
Entry-25-122,an undercover capacity to conduct undercover purchases ofCannabis from each location. These purchases were,Flower,,,25
Entry-25-123,"Asa resultofthefieldtesting, Cannabis from each storetestedhigherthan the0.3% permittablebyMaryland State",Flower,,testedhigherthan the0,25
Entry-25-125,03/18/25 Tobacco Town 3.5 Grams Cannabis 10.7% TotalTHC,Flower,3.5,,25
Entry-25-126,03/18/25 Convenience City Inc. 17.5 Grams Cannabis 18.5% Total THC,Flower,17.5,,25
Entry-25-127,04/03/25 Smoke StarInc. 7 GramsCannabis 22.7% Total THC,Flower,,,25
Entry-25-128,04/03/25 Smoke City 3.5 Grams Cannabis & 2 8.7% TotalTHC,Flower,3.5,,25
Entry-25-129,Pre-Rolled Cannabis,Flower,,,25
Entry-25-130,Cigarettes,Preroll,,,25
Entry-25-131,gradeCannabis. DetectiveArmigerfurtherconsultedwithAgentMangoldoftheATCCwho advisedthattheabove,Flower,,,25
Entry-25-132,"and Delta-8 THC products, as well as Hemp derived products that contain less than 0.3% Delta-9 THC",Unknown,,,25
Entry-25-133,Cannabis products that were consistentwith the tested Cannabis from the initialpurchases. lt should also be noted,Flower,,,25
Entry-25-134,"that upon scanning some of the QR codes on the pre-rolled Cannabis cigarettes, they would direct the person",Flower,,,25
Entry-25-135,"scanning to a third-party tests' results page, which advertised a higher total THC content. This information was",Unknown,,,25
s,as examples ofthetotal THC ofthepurchasesand pretesteditems.,Unknown,,,25
Entry-27-136,"toDistributeControlledDangerousSubstances(CDS)asdefinedinCriminal LawArticleSections1-202,",Preroll,,,27
Entry-27-137,"5-601 through 5-621, dealing generally with Controlled Dangerous Substances, including narcotics,",Preroll,,,27
Entry-28-138,"participating in the distribution of high-grade Cannabis. CI-1 is a past, proven, and reliable",Flower,,,28
Entry-28-139,"During the third week ofFebruary 2025, Sgt. Helfutilized CI-1 to conduct a controlled",Preroll,,,28
Entry-28-140,purchaseofCannabis fromtheAllin OneFoodMart. TheCannabis wasthen transported bySgt.,Flower,,,28
Entry-28-142,theLightLab3CannabisAnalyzer.As aresultofthetestthepurchasedCannabistestedat25.4%,Flower,,,28
at 1215,"HelftotheMarylandAlcohol,Tobacco, and CannabisCommission (ATCC),located at 1215 East",Flower,,,28
Entry-29-143,only licensed Cannabis businesses such as dispensaries can sell Cannabis. Maryland state law,Flower,,,29
Entry-29-144,prohibits anyone without a Cannabis license from distributing a product intended for human,Flower,,,29
Entry-29-145,undercover capacitypurchased various quantities ofCannabis from eachofthe retailbusinesses.,Flower,,,29
Entry-29-146,"• 03/18125, 3.5 Grams Cannabis & 3 Pre-RolledCannabis Cigarettes",Flower,3.5,,29
Entry-29-147,"• 05/14/25,3.5 Grams Cannabis",Flower,3.5,,29
Entry-30-148,"• 03/18/25,3.5 Grams Cannabis",Flower,3.5,,30
Entry-30-149,"• 0S/14/25, 3 Pre-Rolled Cannabis Cigarettes",Flower,,,30
Entry-30-150,"• 03/18/25, 17.SGramsCannabis",Flower,,,30
Entry-30-151,"• S/21/25, 6Pre-RolledCannabis Cigarettes",Flower,,,30
Entry-30-152,"• 04/03125, 3.5 GramsCannabis & 2 Pre-Rolled Cannabis Cigarettes",Flower,,,30
Entry-30-153,"• 0S/14/25, 3 Pre-Rolled2 Gram Blunts",Preroll,,,30
Entry-30-154,"• 04/03/25, 7Grams Cannabis",Flower,7.0,,30
Entry-30-155,"• 0S/14/25, 3.S Grams Cannabis",Flower,,,30
Entry-30-156,"• 04/03/25,2 Grams Cannabis& 2Pre-Rolled Cannabis Cigarettes",Flower,2.0,,30
Entry-30-157,"• 0S/14/25, 2 Grams Cannabis&3 Pre-Rolled CannabisCigarettes",Flower,2.0,,30
Entry-30-158,• 0S/15/25 3.SGramsCannabis,Flower,,,30
Entry-30-159,• 3/18/lSt3.S Grams Cannabis,Flower,,,30
Entry-30-160,"05/14/25, 3.5 Grams Cannabis",Flower,3.5,,30
Entry-31-161,Duringthe subsequentpurchasesdetectives observed Cannabis 1tßlondisplay for purchasethat,Flower,,,31
Entry-31-162,was consistent with the tested Cannabis from the Initial purchases. Detectives also observed,Flower,,,31
Entry-31-163,rolledstyle Cannabis cigarettes aswell.,Flower,,,31
Entry-31-164,Cannabis dispensary license.,Flower,,,31
Entry-31-165,Inadditiontoarrestsforcontrolleddangeroussubstancesandresponses tocallsforservicerelated,Preroll,,,31
Entry-31-166,"possessionandpossessionwithintenttodistributemarijuana, cocaine,methamphetamine, fentanyl, and",Flower,,,31
Entry-32-167,"relatedto narcoticsinvestigationswhichhaveresulted intheseizureofcontrolleddangeroussubstances,",Preroll,,,32
Entry-32-168,"Cocaine, Psilocybin, MDMA,andvarious prescriptionpills.",Edible,,,32
Entry-32-169,"sale, anddistribution ofcontrolled dangerous substances.",Preroll,,,32
Entry-32-170,"ofcontrolled dangerous substances violations, youraffiant has found that persons involved in the use,",Preroll,,,32
Entry-32-171,"manufacturing, and distribution ofcontrolled dangerous substances are often involved in the use and",Preroll,,,32
Entry-32-172,"distributionofothercontrolleddangeroussubstanceswhichis aregenerativeactivity,thatis aportionof",Preroll,,,32
Entry-32-173,theproceeds from thesaleofcontrolleddangerous substancesisusedto buymoreforresale.,Preroll,,,32
Entry-32-174,Youraffiant has also participated and completed controlled purchases for controlled dangerous,Preroll,,,32
Entry-32-175,"knowledge, and experience, the controlled purchases from the abovereferenced retail & tobacco",Preroll,,,32
Entry-33-176,shopsofsuspectedCannabis thattestedoverthelegal limitforTHC thatisallowablefor atobacco,Flower,,,33
Entry-33-177,"theintenttodistributeand/orpossessionofcontrolleddangeroussubstances,ashereinbeforecited,",Preroll,,,33
Entry-33-178,"controlled dangerous substances violations, found in or upon said premises and person(s) in close",Preroll,,,33
related,contain evidence related to controlled dangerous substance violations and answering machine and,Preroll,,,33
Entry-34-180,violations ofthecontrolleddangeroussubstances laws;,Preroll,,,34
Entry-35-181,"Distribution, PossessionwithIntentto Distribute, andPossession ofa Controlled Dangerous Substances",Preroll,,,35
Entry-35-182,"Controlled Dangerous Substances, including narcotics, hallucinogens, and other dangerous drugs",Preroll,,,35
Entry-36-183,"operation of controlled dangerous substances violations, found in or upon said premises and",Preroll,,,36
Entry-36-184,"person(s) in close proximity to contraband, controlled dangerous substances or controlled",Preroll,,,36
Entry-36-185,controlled dangerous substance violations and answeringmachineandansweringmachinetapes;,Preroll,,,36
Entry-36-186,fromviolations ofthecontrolled dangeroussubstances laws;,Preroll,,,36
Entry-37-187,"Distribution, PossessionwithIntentto Distribute, andPossessionofaControlled Dangerous Substances",Preroll,,,37
Entry-37-188,"Controlled Dangerous Substances, including narcotics, hallucinogens, and other dangerous drugs are",Preroll,,,37
Entry-38-189,"operation ofcontrolled dangerous substances violations, found in or upon said premises and",Preroll,,,38
Entry-38-190,"person(s) in close proximity to contraband, controlled dangerous substances or controlled",Preroll,,,38
Entry-38-191,controlleddangerous substanceviolations and answeringmachineand answeringmachinetapes;,Preroll,,,38
Entry-38-192,fromviolations ofthecontrolleddangerous substanceslaws;,Preroll,,,38
Entry-39-193,"Distribution,PossessionwithIntentto Distribute,andPossessionofaControlledDangerousSubstances",Preroll,,,39
Entry-39-194,"Controlled Dangerous Substances, including narcotics, hallucinogens, and other dangerous drugs are",Preroll,,,39
Entry-40-195,"operation of controlled dangerous substances violations, found in or upon said premises and",Preroll,,,40
Entry-40-196,"person(s) in close proximity to contraband, controlled dangerous substances or controlled",Preroll,,,40
Entry-40-197,controlleddangerous substance violations and answeringmachineandansweringmachinetapes;,Preroll,,,40
Entry-40-198,fromviolations ofthe controUeddangeroussubstanceslaws;,Ambiguous,,,40
Entry-41-199,"Distribution, PossessionwithIntentto Distribute, andPossessionof aControlledDangerous Substances",Preroll,,,41
Entry-41-200,"Controlled Dangerous Substances, including narcotics, hallucinogens, and other dangerous drugs are",Preroll,,,41
Entry-42-201,"operation of controlled dangerous substances violations, found in or upon said premises and",Preroll,,,42
Entry-42-202,"person(s) in close proximity to contraband, controlled dangerous substances or controlled",Preroll,,,42
Entry-42-203,controlleddangerous substanceviolations andansweringmachineand answeringmachinetapes;,Preroll,,,42
Entry-42-204,from violations ofthe controlleddangeroussubstanceslaws;,Preroll,,,42
Entry-43-205,"Distribution, PossessionwithIntentto Distribute, andPossessionof aControlledDangerous Substances",Preroll,,,43
Entry-43-206,"Controlled Dangerous Substances, including narcotics, hallucinogens, and other dangerous drugs",Preroll,,,43
Entry-44-207,"operation of controlled dangerous substances violations, found in or upon said premises and",Preroll,,,44
Entry-44-208,"person(s) in close proximity to contraband, controlled dangerous substances or controlled",Preroll,,,44
Entry-44-209,controlleddangeroussubstanceviolations andansweringmachineandansweringmachinetapes;,Preroll,,,44
Entry-44-210,fromviolationsofthe controlled dangeroussubstanceslaws;,Preroll,,,44
Entry-45-211,"Distribution, PossessionwithIntenttoDistribute, andPossessionof a Controlled Dangerous Substances",Preroll,,,45
Entry-45-212,"Controlled Dangerous Substances, including narcotics, hallucinogens, and other dangerous drugs are",Preroll,,,45
Entry-46-213,"operation of controlled dangerous substances violations, found in or upon said premises and",Preroll,,,46
Entry-46-214,"person(s) in close proximity to contraband, controlled dangerous substances or controlled",Preroll,,,46
Entry-46-215,controlled dangerous substanceviolations andansweringmachineandanswering machinetapes;,Preroll,,,46
Entry-46-216,from violations ofthe controlleddangeroussubstances laws;,Preroll,,,46
Entry-47-217,"Distribution, PossessionwithIntentto Distribute, andPossessionofaControlled Dangerous Substances",Preroll,,,47
Entry-47-218,"Controlled Dangerous Substances, including narcotics, hallucinogens, and other dangerous drugs are",Preroll,,,47
Entry-48-219,"operation of controlled dangerous substances violations, found in or upon said premises and",Preroll,,,48
Entry-48-220,"person(s) in close proximity to contraband, controlled dangerous substances or controlled",Preroll,,,48
Entry-48-221,controlled dangerous substance violations and answeringmachineandansweringmachinetapes;,Preroll,,,48
Entry-48-222,from violations ofthecontrolleddangeroussubstances laws;,Preroll,,,48
Entry-49-223,"Annotated, Criminal Procedure, Title 12 (Forfeiture-Controlled Dangerous Substances Violations). You",Preroll,,,49
Entry-50-224,"Annotated, Criminal Procedure, Title 12 (Forfeiture-Controlled Dangerous Substances Violations). You",Preroll,,,50
Entry-51-225,"Maryland Code Annotated, Criminal Procedure, Title 12 (Forfeiture-Controlled Dangerous",Preroll,,,51
Entry-51-226,Substances Violations). You have been identified as the owner or party having interest ofthe,Ambiguous,,,51
Entry-52-227,"Maryland Code Annotated, Criminal Procedure, Title 12 (Forfeiture-Controlled Dangerous",Preroll,,,52
Entry-52-228,Substances Violations). You have been identified as the owner or party having interest ofthe,Ambiguous,,,52
Entry-53-229,"Maryland Code Annotated, Criminal Procedure, Title 12 (Forfeiture-Controlled Dangerous",Preroll,,,53
Entry-53-230,Substances Violations). You have been identified as the owner or party having interest ofthe,Ambiguous,,,53
Entry-54-231,"Maryland Code Annotated, Criminal Procedure, Title 12 (Forfeiture-Controlled Dangerous",Preroll,,,54
Entry-54-232,Substances Violations). You have been identified as the owner or party having interest ofthe,Ambiguous,,,54
Entry-55-233,"Maryland Code Annotated, Criminal Procedure, Title 12 (Forfeiture-Controlled Dangerous",Preroll,,,55
Entry-55-234,Substances Violations). You have been identified as the owner or party having interest ofthe,Ambiguous,,,55
Entry-56-235,"Annotated, Criminal Procedure, Title 12 (Fcrfciture-Ccntrolled Dangerous Substances Violations). You have bocn",Preroll,,,56
Entry-58-236,The fiOIlOWlll_gdeta1·¡saIl moniessei.zedpursuantto th·1s .invesfrgaf 1011:,Concentrate,,,58
Entry-64-237,"revealsthatCBD/delta($89,177.02), Flower",Flower,,,64
Entry-64-238,"u ' . . l , ... j • . . . . . .. ($96,394.02), and Vape Pens ($91,866.47)",Cartridge,,,64
Entry-67-239,"CigaretteIJupplier. _,",Preroll,,,67
Entry-68-240,CannabisffHC O,Flower,,,68
Entry-68-241,Cigarette lZJ Special Cigarette IZI OTPJ;:J OtherO,Preroll,,,68
Entry-68-242,Cigarette Supplier: DeliveryDate: MD Stamps Yes0 No O,Preroll,,,68
Entry-69-243,CannabisffHC er,Flower,,,69
Entry-69-244,Cigarette üJ....-· Special Cigarette ¡j- OTPB Other@-·,Preroll,,,69
Entry-69-245,"CigaretteSupplier;.: T · ,'J ) Deliv _ er _ y Date: ··, -1i ·: ·1,' MD Stamps Yes Q No O",Preroll,,,69
Entry-70-246,AND CANNABIS COMMISSION,Flower,,,70
Entry-70-247,"*""'* Effective July I, 2023, only Maryland Cannabis Administration cannabis",Flower,,,70
Entry-70-248,"license holders may seJJ or distributeintoxicating cannabis products, to",Flower,,,70
Entry-70-249,"intoxicating cannabis products, to include intoxicating hemp derived products",Flower,,,70
Entry-70-250,by businesses that are not Maryland Cannabis Administration cannabis,Flower,,,70
Entry-70-251,"OnMay 3, 2023, Governor Wes Moore signedinto lawthe CannabisReform Act(Chapter",Flower,,,70
Entry-70-252,"254/255of2023), which establishedthe adult-userecreational cannabismarket. TheCannabis",Flower,,,70
Entry-70-253,"Reform Act(""CRA"")created the MarylandCannabis Administration (""MCA"") as the",Flower,,,70
Entry-70-254,pertainingto Maryland'smedical and adult-use cannabis industry.1,Flower,,,70
Entry-70-255,"While the MCA is tasked withoverseeingthe licensedcannabis market, the Alcohol,Tobacco,",Flower,,,70
Entry-70-256,"and CannabisCommission(""ATCC"") - formerly, the Alcohol and Tobacco Commission - is",Flower,,,70
Entry-70-257,"tasked withenforcing statelaws pertaining to theunlicensedcannabismarket. Specifically, the",Flower,,,70
Entry-70-258,"Alcoholic Beverages andCannabisArticle's (""ABCA"")provisions concerning the unlawful",Flower,,,70
Entry-70-259,"importation, manufacture, transportation, distribution, andsale ofunlicensedcannabisproducts.",Flower,,,70
Entry-70-260,"Underlaw, the MCA has the sole authority to issue licenses to cannabisbusinesseswithinthe",Flower,,,70
Entry-70-261,StateofMaryland. Only an MCAcannabis licenseholdermay sell ordistributecannabis,Flower,,,70
Entry-70-262,"oft.otaltetrahydrocannabinul(""THC"")contentperserving or2.5 milligranrs ofTHCper",Unknown,,,70
Entry-71-263,Thismeans thatbusinesses thatarenotcannabislicenseholders m?ynotsellùuoxicating,Flower,,,71
Entry-71-264,"cannabisproducts, to includeintoxicatinghemp-derivedproducts. This includes edibles,",Flower,,,71
Entry-71-265,"beverages,orother cannabisproducts intended forhumanconsumptionor inhalation thatcontain",Flower,,,71
Entry-71-266,anytypeofTHCabo?thesúdutoryrestrictions.,Flower,,,71
Entry-71-267,"o Delta-8-THC, Delta-9-THC,andDelta-IO-THC, regardlessofhowderived;",Unknown,,,71
Entry-71-268,"o Any otherchemicallysimilarcompound, substance, derivative, or isomerofTHC,",Ambiguous,,,71
Entry-71-269,"Accordingly, the ATCCdirectsall businessesthatare notMCAcannabis license holders",Flower,,,71
Entry-71-270,but seD intoxicating cannabisproducts -to includehempderivedproducts -to REMOVE,Flower,,,71
Entry-71-271,from theirshelvesproducts with a tobl THC concentration greater than 0.5 mgper,Unknown,,,71
Entry-71-272,"occurring cannabinoids, such as tetrahydrocannabinol acetate(fHC-0,ATHC,THC-X,",Unknown,,,71
Entry-71-273,"finishedproduct, such as CBD-dominantgummies oredibles that donothave",Edible,,,71
Entry-71-274,o Hemp-derived tincture maybesold withoutalicense ifthe product contains a,Edible,,,71
Entry-71-275,"CBO:THC ratio that isatleast 15:l orgreater, e.g. aproductwith2mgofTHC",Unknown,,,71
Entry-71-277,"ofbusinesses to identify unlicensedcannabisoperators byinspectingproducts,displayed forsale",Flower,,,71
l00,"glycerin, orvegetable oil); andcontains nomorethan l00 milligrams ofTHCper",Concentrate,,,71
Entry-72-278,"tocustomers,during business hours. Ifintoxicatingcannabisproducts, to include intoxicating",Flower,,,72
Entry-72-279,"thebusiness is notlicensedto sell intoxicatingcannabis products, to include intoxicatinghemp",Flower,,,72
Entry-72-280,"Businessesthatare not MCAcannabis licenseholders butsell intoxicatingcannabis products, to",Flower,,,72
Entry-72-281,"distributing intoxicating cannabisproducts, lo includeintoxicating hemp derived products.",Flower,,,72
Entry-72-282,"These intoxicating cannabis products, includingintoxicatinghempderivedproducts,mustbe",Flower,,,72
Entry-72-283,sold without anMCA issuedcannabislicense. Businesses thatare notMCAcannabislicense,Flower,,,72
Entry-72-284,"holders,butcurrentlysell intoxicating cannabisproducts, to include hemp derivedproducts,",Flower,,,72
Entry-73-285,"Maryland Alcohol,Tobacco,andCannabisCommissionContacts",Flower,,,73
Entry-73-286,o Inquiriesregardinga.liAlcoholic BeverageTradePractices.,Edible,,,73
Entry-73-287,• MarylandCannabisAdministration:informa1i1m.mmcc{£1!111arylar1d.gov,Flower,,,73
Entry-73-288,o Questionsaboutthecannabisenforcementprocess.,Flower,,,73
Entry-76-289,Delta8 Gummies,Edible,,,76
Entry-83-290,701 TURKANA CIRCLE 5Medit:al't:wagesandtips t;Medlcartltaxwlfhheld,Cartridge,,,83
box12,"eEmployee'sl\lffle,address,and2JPoodtt 1laSeelnoilructlonsfa,box12",Concentrate,,,89
Entry-91-292,? CQMPTROLLER Fiold Enforcement Division,Preroll,,,91
Entry-91-293,"o The property identified in this Notice was confiscated under the provisions of the Alcoholic Beverages Article,",Edible,,,91
Entry-91-294,against the Comptroller in the Circuit Court where the seizureoccurred within 30 daysofthedate ofthe seizureor,Preroll,,,91
Entry-91-295,Notice of Seizure. A copy of the claim filed with the Circuit Court must be served upon the Comptroller of,Preroll,,,91
Entry-93-296,CQM PTROLLER Field Enforcement Division,Preroll,,,93
Entry-93-297,"o The property identified in this Notice was confiscated under the provisions of the Alcoholic: Beverages Article,",Edible,,,93
Entry-93-298,againstthe Comptroller in the Circuit Courtwherethe seizureoccurredwithin 30 days of the date oftheseizure or,Preroll,,,93
Entry-93-299,Notice of Seizure. A copy of the claim filed with the Circuit Court must be served upon the Comptroller of,Preroll,,,93
Entry-94-300,"Cigarette p! SpecialCigarettej!J OTP,i!l Restaurant o Chal ..el O!llef o",Preroll,,,94
Entry-95-301,"Alcohol, Tobacco, and Cannabis Commission",Flower,,,95
Entry-95-302,"CannabisCommission, 1215 FortAve, Ste.300, Baltimore, Maryland21230.",Flower,,,95
Entry-95-303,"Alcohol, Tobacco,and CannabisCommission",Flower,,,95
Entry-117-304,Unknown,Ambiguous,,,117
Entry-117-305,SafeDepositBox Unknown,Ambiguous,,,117
Entry-130-306,"vfe¡t,tlo(•)beNlllyfol!WI•O?<>l'Iu!'ldorti.1-.of...,_Stat.oilbtyllnd.",Concentrate,,,130
Entry-150-307,Oilier s s Ag.,Concentrate,,,150
Entry-155-308,Unknown,Ambiguous,,,155
Entry-155-309,SafeDepositBox Unknown,Ambiguous,,,155
Entry-161-310,"Annotated. Criminal Procedure, Title 12 (Forfeiture-Controlled Dangerous Substances Violations). You",Preroll,,,161
Entry-162-311,"Annotmd, Crùn.in.al Procedure, Title 12 (Forfeiture-Controlled Dangerous Substances Violations). You",Preroll,,,162
Entry-162-312,"Sda,n?forfeibudofpropatyis•kplMtútu. NolAÜfKùtddslloclllllent•ayHœnstnudIISkgal",Flower,,,162
Entry-163-313,"Maryland Code Annotated, Criminal Procedure, Title 12 (Forfeiture-Controlled Dangerous",Preroll,,,163
Entry-163-314,Substances Violations). You have been identifiedas the owner or party having interest ofthe,Ambiguous,,,163
Entry-164-315,"Maryland Code Annotated, Criminal Procedure, Title 12 (Forfeiture-Controlled Dangerous",Preroll,,,164
Entry-164-316,Substances Violations). You havebeen identified as the owner or party having interest ofthe,Ambiguous,,,164
Entry-165-317,"Maryland Code Annotated, Criminal Procedure, Title 12 (Forfeiture-Controlled Dangerous",Preroll,,,165
Entry-165-318,Substances Violations). You have been identified as the owner or party having interest ofthe,Ambiguous,,,165
Entry-166-319,"Maryland Code Annotated, Criminal Procedure, Title 12 (Forfeiture-Controlled Dangerous",Preroll,,,166
Entry-166-320,Substances Violations). You have been identified as the owner or party having interest ofthe,Ambiguous,,,166
Entry-167-321,"Maryland Code Annotated, Criminal Procedure, Title 12 (Forfeiture-Controlled Dangerous",Preroll,,,167
Entry-167-322,Substances Yiolatíons). You bave been identified as the owner or party having interest ofthe,Ambiguous,,,167
Entry-168-323,"Annotated, Criminal Procedure, Tide 12 (Forfcitw-o-Cootrollcd Dangerous SubstancesViolations). Yw havebeco",Preroll,,,168
Entry-170-324,"used in connection with the unlawful manufacture, distribution, dispensing or possession ofControlled",Preroll,,,170
Entry-170-325,in an account(s) whetherheldjointlyorindividually in thenameof;,Preroll,,,170
Entry-170-326,"found in or upon HARFORD 13ANK, in an aceount(s) whetherheldjointly or individually in the",Preroll,,,170
Entry-170-327,"whetherheldjointly orindividuallyinthenameofZABEERBABAR,D.O.IJ.1/1/1973,SS#",Preroll,,,170
Entry-171-328,"jointly or individually in the nameofZAHEER HABAR. D.O.ß. 1/1/1?73, SS#",Preroll,,,171
Entry-171-329,"accountbalance(s) m HARFORDBANK,inanaccount(s)whetherheldjointlyorindividuallyinthe",Preroll,,,171
Entry-171-330,"whetherheldjointlyorindividuallyinthcnameofZAHEERBABAR,D.O.B. l/J/1973,SS#",Preroll,,,171
Entry-171-331,"I. Accountnumbers andbranch locationforall accounts,openorclosed,heldindividuallyorjointly;",Preroll,,forall accounts,171
Entry-172-332,"jointlyor individually in the nameofZAHEER BAB D.0.8. 1/1/1973,SS# I¡",Preroll,,,172
Entry-172-333,"account(s) whetherheldjointly or individuallyin thenameofZAIŒERBABAR, D.O.B. 1/1/1973, SS#",Preroll,,,172
Entry-173-334,"connection with theunlawful manufacture,distribution, dispensingorpossession ofControlled and",Preroll,,,173
Entry-173-335,in an account(s)whetherheldjointlyorindivi-duallyinthenameof;,Preroll,,,173
Entry-173-336,"distributing high-gradecannabis illegally.Acontrolled purchase confirmed cannabis sales, and lab",Flower,,,173
Entry-173-337,undercoverpurchasesofillegal cannabis products from all seven Bubar-owned businesses. Lab tests,Flower,,,173
Entry-173-338,confirmed THC content significantly above the legal limit at each location. Observations revealed,Unknown,,,173
Entry-173-339,cannabis wassold inunmarkedpackagingoropenlyweighedand distributed fromjarsin-store.,Flower,,,173
Entry-174-340,Noneofthebusinesseshadastatelicensetosellcannabis.Searchandseizurewarrantswereissuedand,Flower,,,174
Entry-174-341,"executedonMay29,2025.AtAllinOneFoodMart,cannabis wasstill on display,andan employee,",Flower,,,174
Entry-176-342,"pounds ofmarijuana (Cannabis), Edibles, Vapes, Cartridges, and more. Due to theoverwhelming",Flower,,,176
Entry-176-343,Marijuana I,Flower,,,176
Entry-176-344,Cannabis,Flower,,,176
Entry-178-345,"""Flower"" and""CBD/Delta""(detailedin thebelowpicture)comprisesthebulkofsalesforeach ofthe",Flower,,,178
Entry-179-346,"accounts,listedtoHARFORD BANK,inan acc - oun I ?eldjointlyorindividuallyinthoname",Preroll,,,179
Entry-179-347,"amountsofControlled Dangerous Substances, youraffiaatknows:",Preroll,,,179
Entry-179-348,"greed, in particular, the unlawful manufacture, distribution, dispensing, or possession ofControlled",Preroll,,,179
Entry-180-349,Inadditionto arrestsforcontrolleddangeroussubstancesandresponsestocallsforservicerelatedto,Preroll,,,180
Entry-180-350,"possessionand possessionwithintenttodistributemarijuana,cocaine,methamphetamine, fentanyl,",Flower,,,180
Entry-181-351,searchwarrantsrelatedto narcoticsinvestigationswhichhaveresulted lntheseizureofcontrolled,Preroll,,,181
Entry-181-352,"dangeroussubstances,monies,assets,andthearrestsofseveralpersons. Youraffianthasalsomade",Ambiguous,,,181
Entry-181-353,"includingLSD, Ketamine, Cocaine,Psilocybín, MOMA,and variousprescriptionpills.",Edible,,,181
Entry-181-354,"ordering,sale, anddistributionofcontrolled dangerous substances.",Preroll,,,181
Entry-181-355,"ofcontrolled dangeroussubstancesviolations, youraffianthas foundthatpersons involvedin the",Preroll,,,181
Entry-181-356,"use,manufacturing,anddistributionofcontrolleddangeroussubstances",Preroll,,,181
Entry-181-357,"anddistribution ofothercontrolleddangerous substanceswhichisaregenerativeactivity,thatisa",Preroll,,,181
Entry-181-358,portion ofthe proceeds from the sale ofcontrolled dangerous substances is usedto buy morefor,Preroll,,,181
Entry-181-359,Your aftiant has also participated and completed controlled purchases for controlled dangerous,Preroll,,,181
Entry-182-360,"A. Enterandsearch HARFORDBANK, in anaccount(s) whetherheldjointlyorindividuallyin",Preroll,,,182
Entry-182-361,"heldjointlyorindividuallyinthenameofZAHEERBABA D.0.8.1/1/1973,SS#",Preroll,,,182
Entry-182-362,"account balance whether held jointly or individually, in the HARFORD BANK, in an",Preroll,,,182
Entry-183-363,jointly;,Preroll,,,183
Entry-183-364,"accountïs) whetherheldjointlyorindividuallyinthename ofZAHEERBABA D,O.B. 1/1/1973,",Preroll,,,183
Entry-192-365,The£oilowing d etai l saIl monies sei.ze dpursuantto thi s m. ves f igat10n:,Concentrate,,,192
Entry-197-366,"""""' .. reveals that CBD/delta ($89,177.02), Flower",Flower,,,197
Entry-197-367,"?· t . ? • .. ? .. , , - ? _ · _ ($96,394.02), and Vape Pens ($91,866.47)",Cartridge,,,197
Entry-201-368,to DistributeControlledDangerousSubstances(CDS)asdefinedinCriminal LawArticleSections 1-202.,Preroll,,,201
Entry-201-369,"5-60I through 5-621, dealing generally with Controlled Dangerous Substances, including narcotics,",Preroll,,,201
Entry-202-370,"participating in the distribution of high-grade Cannabis. Cl-I is a past, proven, and reliable",Flower,,,202
Entry-202-371,"During the third week of February 2025, Sgt. Helf utilized Cl-1 to conduct a controlled",Preroll,,,202
Entry-202-372,purchaseofCannabis from theAUin OneFoodMart.TheCannabis wasthentransported bySgt.,Flower,,,202
at 1215,"Helfto the Maryland Alcohol, Tobacco, and CannabisCommission (ATCC), located at 1215 East",Flower,,,202
at25,the Light Lab3CannabisAnalyzer. As aresultofthetestthepurchasedCannabistested at25.4%,Flower,,,202
Entry-203-375,only licensed Cannabis businesses such as dispensaries can sell Cannabis. Maryland state law,Flower,,,203
Entry-203-376,prohibits anyone without a Cannabis license from distributing a product intended for human,Flower,,,203
Entry-203-377,consumptionorinhalationthatcontainsmorethan2.5milJigramsofTctrahydrocannabinol(THC),Unknown,,,203
Entry-203-378,undercovercapacitypurchased various quantities ofCannabis from each ofthe retail businesses.,Flower,,,203
Entry-203-379,"• 03/18/25, 3.5 Grams Cannabis& 3 Pre-Rolled CannabisCigarettes",Flower,3.5,,203
Entry-203-380,"• 05/14/25,3.5 GramsCannabis",Flower,,,203
Entry-204-381,"• 03/18/25,3.5Grams Cannabis",Flower,3.5,,204
Entry-204-382,"• 05/14/25,3 Pre-Rolled CannabisCigarettes",Flower,,,204
Entry-204-383,"• 03/18/25, 17.5 Grams Cannabis",Flower,17.5,,204
Entry-204-384,"• 5/21/25,6 Pre-RolledCannabis Cigarettes",Flower,,,204
Entry-204-385,"• 04/03/25, 3.5Grams Cannabis& 2 Pre-Rolled Cannabis Cigarettes",Flower,3.5,,204
Entry-204-386,"• 05/14/25, 3 Pre-Rolled2 GramBlunts",Preroll,,,204
Entry-204-387,"• 04/03/25, 7Grams Cannabis",Flower,7.0,,204
Entry-204-388,"• 05/14/25, 3.5Grams Cannabis",Flower,3.5,,204
Entry-204-389,"• 04/03/25, 2 Grams Cannabis & 2 Pre-RolledCannabis Cigarettes",Flower,2.0,,204
Entry-204-390,"• 05/14/25,2 GramsCannabis & 3 Pre-Rolled Cannabis Cigarettes",Flower,,,204
Entry-204-391,• 05/15/25 3.5 GramsCannabis,Flower,,,204
Entry-204-392,"• 3/18/25,3.5 GramsCannabis",Flower,,,204
Entry-204-393,"• 05/14/25,3.S Grams Cannabis",Flower,,,204
Entry-205-394,DuringthesubsequentpurchasesdetectivesobservedCannabisstillon display for purchasethat,Flower,,,205
Entry-205-395,was consistent with the tested Cannabis from the initial purchases. Detectives also observed,Flower,,,205
Entry-205-396,rolled styleCannabis cigarettes as well.,Flower,,,205
Entry-205-397,Cannabis dispensary license.,Flower,,,205
Entry-205-398,lnadditiontoarrestsforcontrolleddangeroussubstancesandresponsestocallsforservicerelated,Preroll,,,205
Entry-205-399,"possession and possession with intenttodistributemarijuana, cocaine, methamphetamine, fentanyl, and",Flower,,,205
Entry-206-400,"relatedto narcotics investigationswhichhaveresultedintheseizureofcontrolleddangeroussubstances,",Preroll,,,206
Entry-206-401,"Cocaine, Psílocybin, MDMA,and various prescriptionpills.",Edible,,,206
Entry-206-402,"sale, and distribution ofcontrolleddangerous substances.",Preroll,,,206
Entry-206-403,"ofcontrolled dangerous substances violations, your affiant has found that persons involved in the use.",Preroll,,,206
Entry-206-404,"manufacturing, and distribution ofcontrolled dangerous substances are often involved in the use and",Preroll,,,206
Entry-206-405,"distributionofothercontrolleddangeroussubstances whichisaregenerativeactivity, thatisaportionof",Preroll,,,206
Entry-206-406,theproceeds from thesaleofcontrolleddangerous substances is used to buy more forresale.,Preroll,,,206
Entry-206-407,Your affiant has also participated and completed controlled purchases forcontrolled dangerous,Preroll,,,206
Entry-206-408,"knowledge, and experience. the controlled purchases from the above referenced retail & tobacco",Preroll,,,206
Entry-207-409,shopsofsuspectedCannabisthattestedoverthelegallimitforTHCthatisallowableforatobacco,Flower,,,207
Entry-207-410,"theintenttodistributeand/orpossessionofcontrolleddangeroussubstances,ashereinbeforecited,",Preroll,,,207
Entry-207-411,"controlled dangerous substances violations, found in or upon said premises and person(s) in close",Preroll,,,207
Entry-208-413,violationsofthe controlleddangerous substances laws;,Preroll,,,208
Entry-209-414,"Distribution, Possessionwith Intentto Distribute,and PossessionofaControlledDangerousSubstances",Preroll,,,209
Entry-209-415,"Controlled Dangerous Substances, including narcotics, hallucinogens, and other dangerous drugs are",Preroll,,,209
Entry-210-416,"operation of controlled dangerous substances violations, found in or upon said premises and",Preroll,,,210
Entry-210-417,"person(s) in close proximity to contraband, controlled dangerous substances or controlled",Preroll,,,210
Entry-210-418,controlleddangerous substanceviolations andansweringmachine andansweringmachinetapes;,Preroll,,,210
Entry-210-419,from violationsofthecontrolleddangerous substances laws;,Preroll,,,210
Entry-211-420,"Distribution,Possessionwith Intent to Distribute, and PossessionofaControlled DangerousSubstances",Preroll,,,211
Entry-211-421,"Controlled Dangerous Substances, including narcotics, hallucinogens, and other dangerous drugs are",Preroll,,,211
Entry-212-422,"operation of controlled dangerous substances violations, found in or upon said premises and",Preroll,,,212
Entry-212-423,person(s) in close proximity to contraband. controlled dangerous substances or controlled,Preroll,,,212
Entry-212-424,controlled dangeroussubstanceviolations and answeringmachineandansweringmachinetapes;,Preroll,,,212
Entry-212-425,from violationsofthecontrolleddangeroussubstances laws;,Preroll,,,212
Entry-213-426,"Distribution, PossessionwithIntentto Distribute,andPossessionofaControlled DangerousSubstances",Preroll,,,213
Entry-213-427,"Controlled Dangerous Substances, including narcotics, hallucinogens, and other dangerous drugs are",Preroll,,,213
Entry-214-428,"operation of controlled dangerous substances violations, found in or upon said premises and",Preroll,,,214
Entry-214-429,"person(s) in close proximity to contraband, controlled dangerous substances or controlled",Preroll,,,214
Entry-214-430,controlled dangeroussubstance violationsand answeringmachine and answeringmachinetapes;,Preroll,,,214
Entry-214-431,from violations ofthecontrolled dangerous substances laws;,Preroll,,,214
Entry-215-432,"Distribution, PossessionwithIntentto Distribute,and PossessionofaControlled DangerousSubstances",Preroll,,,215
Entry-215-433,"Controlled Dangerous Substances, including narcotics, hallucinogens, and other dangerous drugs are",Preroll,,,215
Entry-216-434,"operation of controlled dangerous substances violations, found in or upon said premises and",Preroll,,,216
Entry-216-435,person(s) in close proximity to contraband. controlled dangerous substances or controlled,Preroll,,,216
Entry-216-436,controlleddangerous substanceviolationsand answeringmachineand answeringmachinetapes;,Preroll,,,216
Entry-216-437,from violationsofthecontrolled dangeroussubstances laws;,Preroll,,,216
Entry-217-438,"Distribution, Possessionwith IntenttoDistribute, and PossessionofaControlled DangerousSubstances",Preroll,,,217
Entry-217-439,"Controlled Dangerous Substances, including narcotics, hallucinogens, and other dangerous drugs are",Preroll,,,217
Entry-218-440,"operation of controlled dangerous substances violations, found in or upon said premises and",Preroll,,,218
Entry-218-441,"pcrson(s) in close proximity to contraband, controlled dangerous substances or controlled",Preroll,,,218
Entry-218-442,controlleddangeroussubstanceviolationsand answeringmachineand answeringmachinetapes;,Preroll,,,218
Entry-218-443,from violationsofthecontrolled dangeroussubstances laws;,Preroll,,,218
Entry-219-444,"Distribution, Possessionwith Intentto Distribute,and PossessionofaControlledDangerousSubstances",Preroll,,,219
Entry-219-445,"Controlled Dangerous Substances, including narcotics, hallucinogens, and other dangerous drugs are",Preroll,,,219
Entry-220-446,"operation of controlled dangerous substances violations, found in or upon said premises and",Preroll,,,220
Entry-220-447,"person(s) in close proximity to contraband, controlled dangerous substances or controlled",Preroll,,,220
Entry-220-448,controlleddangeroussubstanceviolationsandanswering machine andansweringmachinetapes:,Preroll,,,220
Entry-220-449,from violationsofthecontrolled dangeroussubstances laws;,Preroll,,,220
Entry-221-450,"Distribution, Possessionwith Intentto Distribute, and PossessionofaControlled DangerousSubstances",Preroll,,,221
Entry-221-451,"Controlled Dangerous Substances, including narcotics, hallucinogens, and other dangerous drugs are",Preroll,,,221
Entry-222-452,"operation of controlled dangerous substances violations, found in or upon said premises and",Preroll,,,222
Entry-222-453,"person(s) in close proximity to contraband, controlled dangerous substances or controlled",Preroll,,,222
Entry-222-454,controlled dangeroussubstance violations and answeringmachineand answeringmachinetapes;,Preroll,,,222
Entry-222-455,from violationsofthecontrolleddangerous substances laws;,Preroll,,,222
Entry-238-456,"Endorsements: Cigarette SpecialCigarette OTP ls1!"" Restaurant o Chain D Other o",Preroll,,,238
Entry-238-457,"Cigarette?upplier. ')7c/.lJ;r í Al) .:¡(<_ / ¡(!r,._/,,i< T l o v baccoC D o e m liv p e l r i y a D n a c t e e: /21 MDStamps: Yesfui No O",Preroll,,,238
Entry-239-458,Cannabis/THC O,Flower,,,239
Entry-239-459,Cigarette JZJ Special Cigarette .IZI OTP.J:J OtherD,Preroll,,,239
Entry-239-460,"Cigarette Supplier: (, Delivery Date: MD Stamps Yes IZf No O",Preroll,,,239
Entry-240-461,"ALCOHOL,TOBACCO.ANDCANNABISCOMMlSSION",Flower,,,240
Entry-240-462,CannabisfTHC Er,Flower,,,240
Entry-240-463,"Cigarette ill----- Special Cigarette c:r"" OTP[] Other[!}--·",Preroll,,,240
Entry-240-464,"Cigarette Supplie?: ""f' - JI Delivery Date: ,-) ;··/:>{ MD Stamps Yes Q No O",Preroll,,,240
Entry-241-465,AND CANNABIS COMMISSION,Flower,,,241
Entry-241-466,"*** Effective July 1, 2023, only Maryland Cannabis Administration cannabis",Flower,,,241
Entry-241-467,"license holders may sell or distribute intoxicating cannabis products, to",Flower,,,241
Entry-241-468,"intoxicating cannabis products, to include intoxicating hemp derived products",Flower,,,241
Entry-241-469,by businesses that are not Maryland Cannabis Administration cannabis,Flower,,,241
Entry-241-470,"On May 3, 2023, GovernorWesMoore signed into law the Cannabis Reform Act (Chapter",Flower,,,241
Entry-241-472,"Reform Act(""CRA"") created theMaryland Cannabis Administration (""MCA"") as the",Flower,,,241
Entry-241-473,pertaining to Maryland's medical and adult-use cannabis industry.1,Flower,,,241
Entry-241-474,"While theMCA is tasked with overseeing thelicensedcannabis market, theAlcohol, Tobacco,",Flower,,,241
Entry-241-475,"and Cannabis Commission (""ATCC"")-formerly, theAlcohol and Tobacco Commission is",Flower,,,241
Entry-241-476,"tasked with enforcing state lawspertainingto the unlicensedcannabismarket. Specifically, the",Flower,,,241
Entry-241-477,"Alcoholic Beverages and Cannabis Article's (""ABCA"")provisions concerning theunlawful",Flower,,,241
Entry-241-478,"importation, manufacture, transportation, distribution, and sale ofunlicensed cannabisproducts.",Flower,,,241
Entry-241-479,"Under law, the MCA has the sole authority to issue licenses to cannabis businesses within the",Flower,,,241
Entry-241-480,State ofMaryland. Only an MCAcannabis license holdermay sell or distribute cannabis,Flower,,,241
Entry-241-481,"oftotaltetrahydrocannabinol (""THC'') contentperserving or2.5milligrams ofTHCper",Unknown,,,241
of2023,"254/255 of2023), which established the adult-userecreational cannabis market. TheCannabis",Flower,,,241
Entry-242-482,This means thatbusinesses that are not cannabis license holders may notsell intoxicating,Flower,,,242
Entry-242-483,"cannabisproducts, to include intoxicatinghemp-derivedproducts. This includes edibles,",Flower,,,242
Entry-242-484,"beverages, or other cannabisproducts intended for human consumption or inhalation thatcontain",Flower,,,242
Entry-242-485,any typeofTHCabovethestatutory restrictions.,Flower,,,242
Entry-242-486,"o Delta-8-THC, Delta-9-THC, andDelta-IO-THC, regardless ofhow derived;",Unknown,,,242
Entry-242-487,"o Any other chemically similarcompound, substance, derivative, or isomerofTHC,",Ambiguous,,,242
Entry-242-488,"Accordingly, the ATCC directs all businesses that are not MCA cannabis license holders",Flower,,,242
Entry-242-489,butselJ intoxicating cannabis products - to include hemp derived products - to REMOVE,Flower,,,242
Entry-242-490,from their shelvesproducts with a total THC concentration greater than 0.5 mg per,Unknown,,,242
Entry-242-491,"occurring cannabinoids, such as tetrahydrocannabinol acetate (THC-O, ATHC, THC-X,",Unknown,,,242
Entry-242-492,"finished product, suchas CBD-dominant gummiesor edibles that do not have",Edible,,,242
Entry-242-493,o Hemp-derived tincture may be sold without a license iftheproduct contains a,Edible,,,242
Entry-242-494,"CBD:THC ratio that is atleast 15:l or greater, e.g. a product with 2 mg ofTHC",Unknown,,,242
Entry-242-495,"glycerin, or vegetable oil); and contains no more than 100 milligrams ofTHCper",Concentrate,,,242
Entry-242-496,"ofbusinesses to identify unlicensed cannabis operators by inspectingproducts, displayed forsale",Flower,,,242
Entry-243-497,"to customers, during business hours. Ifintoxicating cannabis products, to include intoxicating",Flower,,,243
Entry-243-498,"the business is not licensed to sell intoxicatingcannabis products, to include intoxicating hemp",Flower,,,243
Entry-243-499,"Businesses thatare not MCA cannabis licenseholders but sell intoxicating cannabis products, to",Flower,,,243
Entry-243-500,"distributing intoxicating cannabisproducts, to include intoxicating hemp derived products.",Flower,,,243
Entry-243-501,"These intoxicatingcannabis products, including intoxicating hemp derived products, must be",Flower,,,243
Entry-243-502,sold without an MCA issued cannabis license. Businesses that are notMCA cannabis license,Flower,,,243
Entry-243-503,"holders, but currently sell intoxicating cannabisproducts, to include hemp derived products,",Flower,,,243
Entry-243-504,"Division, at dllld-unlicensedcannabis atcc(@.maryland.gov ifyou have any questions aboutthis",Flower,,,243
Entry-243-505,!!.uliçeosedcannabisJtcc@mª1:YlanrjgQy,Flower,,,243
Entry-244-506,"Maryland Alcohol,Tobacco, and Cannabis Commission Contacts",Flower,,,244
Entry-244-507,o Inquiries regarding all Alcoholic BeverageTradePractices.,Edible,,,244
Entry-244-508,• MarylandCannabis Administration: infonnation.mmcc@maryland.goy,Flower,,,244
Entry-244-509,• Legal & Legislative Division: dllld-unlicensedcannabis aLcc@maryland.gov,Flower,,,244
Entry-244-510,o Questionsabout the cannabis enforcement process.,Flower,,,244
Entry-244-511,• Field EnforcementDivision: dlfed-unlicenscdcannabis atcc@maryland.gov,Flower,,,244
Entry-246-512,THC-H+ lliC·JD,Unknown,,,246
Entry-246-513,UVERESINGUMM1£S,Concentrate,,,246
Entry-247-514,01Ft1t11Jf1VJOINT,Preroll,,,247
Entry-262-515,"o The property identified in this Notice was confiscated under the provisions of the Alcoholic Beverages Article,",Edible,,,262
Entry-262-516,against the Comptroller in the Circuit Court where the seizure occurred within 30 days of the date of the seizure or,Preroll,,,262
Entry-262-517,Notice of Seizure. A copy of the claim filed with the Circuit Court must be served upon the Comptroller of,Preroll,,,262
Entry-263-518,Endorsements: Cigarette 9' SpecialCigarette f3;t? OTP ? Restaurant o Chain ? Other o,Preroll,,,263
Entry-263-519,CigaretteSupplíer: e:::;... ?( --r¡.. [7 DeliveryDate: /¿1 l.o . L ? MOStamps: Yes? No O,Preroll,,,263
Entry-264-520,"o The property identified in this Notice was confiscated under the provisions of the Alcoholic Beverages Article,",Edible,,,264
Entry-264-521,againstthe Comptroller in the Circuit Court wherethe seizure occurred within 30 days of the dateof the seizure or,Preroll,,,264
Entry-264-522,Notice of Seizure. A copy of the claim filed with the Circuit Court must be served upon the Comptroller of,Preroll,,,264
Entry-265-523,"Endorsements: Cigarette J;z( SpecialCigarette J¡j OTP,Ill Restaurant O Chain ,.0 Other o",Preroll,,,265
Entry-265-524,"CigaretteSupplier: Ge or(\r J"""" te.. I te t DeliveryDate:..:.1..:..1__,_·¡___,.,..,...)""------ MDStamps: Yes,.0' / No O",Preroll,,,265
Entry-266-525,"Alcohol, Tobacco, and Cannabis Commission",Flower,,,266
Entry-266-526,"Cannabis Commission, 1215 Fort Ave, Ste. 300, Baltimore, Maryland21230.",Flower,,,266
Entry-266-527,"Alcohol,Tobacco, and CannabisCommission",Flower,,,266
Entry-270-528,Maryland Alcohol Tobacco & Cannabis Commission,Flower,,,270
Entry-271-529,Maryland Alcohol Tobacco & Cannabis Commission,Flower,,,271
Entry-273-530,CANNABIS,Flower,,,273
Entry-273-531,"forthe Maryland CannabisAdministration (MCA), and",Flower,,,273
Entry-273-532,(2) I have searched the records ofthe Maryland CannabisAdministration for any and all,Flower,,,273
Entry-273-533,records related to the issuance of a cannabis license or registration by the MCA on or,Flower,,,273
Entry-274-534,CANNABIS,Flower,,,274
Entry-274-535,"forthe Maryland Cannabis Administration (MCA), and",Flower,,,274
Entry-274-536,(2) I have searched the records ofthe Maryland Cannabis Administration for any and all,Flower,,,274
Entry-274-537,records related to the issuance ofa cannabis license or registration by the MCA on or,Flower,,,274
Entry-275-538,CANNABIS,Flower,,,275
Entry-275-539,"forthe Maryland Cannabis Administration (MCA), and",Flower,,,275
Entry-275-540,(2) I have searched the records of the Maryland Cannabis Administration for any and all,Flower,,,275
Entry-275-541,records related to the issuance ofa cannabis license or registration by the MCA on or,Flower,,,275
Entry-276-542,CANNABIS,Flower,,,276
Entry-276-543,"forthe Maryland Cannabis Administration (MCA), and",Flower,,,276
Entry-276-544,(2) I have searched the records ofthe Maryland Cannabis Administration forany and all,Flower,,,276
Entry-276-545,records related to the issuance ofa cannabis license or registration by the MCA on or,Flower,,,276
Entry-277-546,CANNABIS,Flower,,,277
Entry-277-547,"forthe Maryland Cannabis Administration {MCA), and",Flower,,,277
Entry-277-548,(2) I have searched the records ofthe Maryland Cannabis Administration for any and all,Flower,,,277
Entry-277-549,records related to the issuance ofa cannabis license or registration by the MCA on or,Flower,,,277
Entry-278-550,CANNABIS,Flower,,,278
Entry-278-551,"for the Maryland CannabisAdministration (MCA), and",Flower,,,278
Entry-278-552,(2) I have searched the records ofthe Maryland Cannabis Administration for any and all,Flower,,,278
Entry-278-553,records related to the issuance of a cannabis license or registration by the MCA on or,Flower,,,278
Entry-279-554,"Aberdeen, Maryland 21001, was participating in the distribution ofhigh-grade Cannabis. CI-I is a past, proven,",Flower,,,279
Entry-279-555,"Detective Epps advised Sergeant Helf, who then stopped Lewi forlittering. Detective Helfthen observed avape in",Cartridge,,,279
Entry-279-556,Lewi's right pocket. Lewi informed Sergeant Helfthat he (Lewi) was only 19 years old and that the vape cost him,Cartridge,,,279
Entry-279-557,to purchase Cannabis from the employee on location at the time. The employee advised Sergeant Helfto go to a,Flower,,at the time,279
Entry-279-558,"an addictive chemical. While in the store, Detective Sergeant Helfobserved various forms ofCannabis on display",Flower,,,279
Entry-280-559,"Detective Armiger knows from his training, knowledge, and experience that the amount of Cannabis and U.S.",Flower,,,280
Entry-280-560,individual to possess for any purpose permitted by law. Detective Armiger is aware that this amount ofCannabis,Flower,,,280
Entry-280-561,"During the third week of February 2025, Detective Sergeant Helf conducted a controlled purchase of",Preroll,,,280
Entry-280-562,CannabisfromtheAll lnOne Food MartutilizingCI-1. Thepurchased Cannabis was latertransportedbyDetective,Flower,,,280
Entry-280-566,"were conducted and it was learned that all oftheir retail store locations were involved in the sale ofCannabis, and",Flower,,locations were involved in the,280
of25,advertised testresults by the product manufacturer that it contained atotal THC content of25%.,Unknown,,,280
Entry-281-568,"cartridges, pre-rolled Cannabis cigarettes (commonly referred to as Joints/Blunts), as well as various mushroom",Flower,,,281
Entry-281-569,edibles which were sold under the guise to have hallucinogenic properties like Psilocybin. While conducting,Edible,,,281
Entry-281-570,"undercoverpurchases, the detectives buying the products would refer to them in common Cannabis terms such as",Flower,,,281
Entry-281-571,"""Flower"" and ""Pre-Rolls."" The undercoverdetectives would engagethe clerks indiscussions in which they stated,",Flower,,,281
Entry-281-572,"• THC Oil/Concentrate-3,295.3 Grams",Concentrate,295.3,,281
Entry-281-573,• Pre-RolledCannabis - 307.5 Grams,Flower,307.5,,281
Entry-281-574,• Pre-Packaged Cannabis - 603.5 Grams,Flower,603.5,,281
Entry-281-575,"• Loose BulkCannabis - 2,691.8 Grams",Flower,691.8,,281
Entry-281-576,"• Suspected Psilocybin Edibles/Gummies - 2,499.4 Grams",Edible,499.4,,281
Entry-281-577,• THCGummies/Edibles - 847.54Grams,Edible,847.54,,281
Entry-281-578,• PackagingMaterials,Ambiguous,,,281
Entry-281-579,• THC Cartridges - 200 Grams,Cartridge,200.0,,281
Entry-281-580,• THC Oil - 71 Grams,Concentrate,71.0,,281
Entry-281-581,"• Pre-Rolled Cannabis - 1,314.5 gramsofTHC",Flower,,,281
Entry-281-582,• Pre-Packaged Cannabis - 956 grams ofTHC,Flower,956.0,,281
Entry-281-583,• LooseBulkCannabis - 956Grams ofTHC,Flower,956.0,,281
Entry-281-584,• SuspectedPsilocybinEdibles/Gummies - 221 grams,Edible,221.0,,281
Entry-281-585,"• THC Gummies - 2,094.15 grams",Edible,94.15,,281
Entry-282-586,• THC - 2918.3 Grams,Unknown,2918.3,,282
Entry-282-587,• Suspected Psilocybin Edibles/Gummies - 616.6 Grams,Edible,616.6,,282
Entry-282-588,• THC Cartridges - 981.2 Grams,Cartridge,981.2,,282
Entry-282-589,• THC Oil - 28 Grams,Concentrate,28.0,,282
Entry-282-590,"• Pre-Rolled Cannabis - 2,066.5 Grams",Flower,66.5,,282
Entry-282-591,"• Pre-Packaged Cannabis - 3,294.75 Grams",Flower,294.75,,282
Entry-282-592,• THCGummies - 912.13 Grams,Edible,912.13,,282
Entry-282-593,• Suspected Psilocybin Edibles/Gummies - 460 Grams,Edible,460.0,,282
Entry-282-594,• THC Cartridges-767 Grams,Cartridge,767.0,,282
Entry-282-595,• THCOil - 56Grams,Concentrate,56.0,,282
Entry-282-596,• Pre-RolledCannabis - 373.5 Grams,Flower,373.5,,282
Entry-282-597,• Pre-PackagedCannabis - 613.5 Grams,Flower,613.5,,282
Entry-282-598,• THCGummies - 345.9Grams,Edible,345.9,,282
Entry-282-599,• Suspected Psilocybin Edibles/Gummies - 23.8 Grams,Edible,23.8,,282
Entry-282-600,"• THC Cartridges - 7,985.4Grams",Cartridge,985.4,,282
Entry-282-601,• THC Oil - 374Grams,Concentrate,374.0,,282
Entry-282-602,"• Pre-RolledCannabis - 3,566.95 Grams",Flower,566.95,,282
Entry-282-603,"• Pre-Packaged Cannabis - 2,128.3 Grams",Flower,128.3,,282
Entry-282-604,"• Loose BulkCannabis -3,057 Grams",Flower,57.0,,282
Entry-282-605,"• THC Edibles/Gummies - 6,348.4 Grams",Edible,348.4,,282
Entry-282-606,"• Suspected PsilocybinEdibles/Gummies- 1,453.68 Grams",Edible,453.68,,282
Entry-282-607,"Detective Armiger knows that Maryland is a total THC state, where some states throughout the United",Unknown,,,282
Entry-282-608,Cannabis sample's total THC must not exceed 0.3% on a dry weight basis.,Flower,,,282
Entry-283-609,an undercover capacity to conduct undercover purchases ofCannabis from each location. These purchases were,Flower,,,283
Entry-283-610,"As aresult ofthe field testing, Cannabis from each store tested higherthan the0.3% permittable by Maryland State",Flower,,tested higherthan the0,283
Entry-283-612,03/18/25 Tobacco Town 3.5 Grams Cannabis 10.7% Total THC,Flower,3.5,,283
Entry-283-613,03/18/25 Convenience City Inc. 17.5 Grams Cannabis 18.5% Total THC,Flower,17.5,,283
Entry-283-614,04/03/25 Smoke Star lnc. 7 Grams Cannabis 22.7% Total THC,Flower,7.0,,283
Entry-283-615,04/03/25 Smoke City 3.5 Grams Cannabis & 2 8.7%Total THC,Flower,3.5,,283
Entry-283-616,Pre-Rolled Cannabis,Flower,,,283
Entry-283-617,Cigarettes,Preroll,,,283
Entry-283-618,gradeCannabis. DetectiveArmigerfurtherconsulted withAgentMangoldoftheATCCwhoadvisedthattheabove,Flower,,,283
Entry-283-619,"and Delta-8 THC products, as well as Hemp derived products that contain less than 0.3% Delta-9 THC",Unknown,,,283
Entry-283-620,Cannabis products that were consistent withthe tested Cannabis from the initial purchases. lt should also be noted,Flower,,,283
Entry-283-621,"that upon scanning some of the QR codes on the pre-rolled Cannabis cigarettes, they would direct the person",Flower,,,283
Entry-283-622,"scanning to a third-party tests' results page, which advertised a higher total THC content. This information was",Unknown,,,283
s,as examples ofthe total THC ofthe purchases and pretested items.,Unknown,,,283
Entry-287-623,Intentto Distribute Controlled Dangerous Substances(CDS)as defined in Criminal Law Article,Preroll,,,287
Entry-287-624,"Sections 1-202, 5-601 through 5-621, dealing generally with Controlled Dangerous Substances,",Preroll,,,287
Entry-287-625,"SinceFebruary 202S,youraffia11tbegan investigatingthedistributionofCannabisby",Flower,,,287
Entry-288-626,distributionofhigh-gradeCannabis undertheguiseoftheCannabis beingsold asaCBDor,Flower,,,288
Entry-288-627,products and that onlylicensedCannabis businessessuch asdispensariescan sellCannabis.,Flower,,,288
Entry-288-628,Marylandstatelawprohibits anyonewithoutaCannabislicensefromdistributing a product,Flower,,,288
Entry-288-629,Cannabisfrom the AllinOneFoodMart.TheCannabiswas thentransportedbySgt.Helfto,Flower,,,288
Entry-288-630,"theMarylandAlcohol,Tobacco,andCannabisCommission(ATCC),locatedat1215EastFort",Flower,,,288
Entry-288-631,theLightLab 3Cannabis Analyzer. Asaresultofthetest thepurchasedcannabístestedata,Flower,,,288
Entry-289-632,Cannabis fromeach oftheretailbusinesses.Theseaforementionedpurchasesareasfollows:,Flower,,,289
Entry-289-633,"• 03/18/2S, 3,5GramsCannabis& 3Pre-Rolled Cannabis Cigaretta",Flower,,,289
Entry-289-634,"• 05/14/25,J.SGramsCannftbis & 1""Silly FarmsMagicMushroom Chocolate''",Edible,,,289
Entry-289-635,"• 03/1812S,3.SGrams Cannabis",Flower,,,289
Entry-289-636,"• 05/14/2S, 3 Pre-Rolled Cannabis Cigarettes, 1 ""Polka Dot Mushroom Magic",Flower,,,289
Entry-289-637,"Blend Belgian WhiteChocolatePinkCheesecake""Bar",Edible,,,289
Entry-289-638,"• 03/18/2S,17.5 Grams Cannabis",Flower,17.5,,289
Entry-289-639,"• 04/03/25,3.5GramsCannabis & 2Pre-Rolled Cnnu11bisCigarettes",Flower,,,289
Entry-289-640,"• 05/14/25, 3Pre-Rolled l Gram Blunts",Preroll,,,289
Entry-289-641,"• 04/03/25,7GramsCannabis",Flower,,,289
Entry-289-642,"• 05/14/25, 3.5 Grarm Cannabis & 1 Package or8 ""Road Trip DesertStardust",Flower,,,289
Entry-289-643,"MushroomGummies""",Edible,,,289
Entry-289-644,"• 04/03/25, 2GramsCannabis & 2Pre-Rolled Cannabis Cigarettes",Flower,,,289
Entry-289-645,"• 05/14/25,2 GramsCannabis & 3 Pre-RoUed Cannabis Cigarettes",Flower,,,289
Entry-289-646,• 0S/15/253.5Grams Cannabis,Flower,253.5,,289
Entry-289-647,"• 3/18/25, 3,5 GramsCannabis",Flower,,,289
Entry-289-648,"• 05/14/25,3.5 Grams Cannabis & 1 Package or8 ""Road TripDesertStardust",Flower,3.5,,289
Entry-289-649,"Mushroom Gummies""",Edible,,,289
Entry-290-650,the purchased Cannabis was transported to theATCCwhere lt was fjeld tested my Agent,Flower,,,290
Entry-290-651,"2.5%THC perpackage,",Unknown,,,290
MD 21047,"MD 21047.Duringthe search warrantservice, detectives observed the purchased cannabis",Flower,,,290
Entry-291-653,Inadditiontoarrestsforcontrolleddangeroussubstancesandresponses to callsforservice,Preroll,,,291
Entry-291-654,"which included possession and possession with intent to distribute marijuana, cocaine,",Flower,,,291
Entry-291-655,searchwarrantsrelated to narcoticsinvestigationswhichhaveresultedintheseizureofcontrolled,Preroll,,,291
Entry-291-656,"dangeroussubstances,monies,assets,andthearrestsofseveralpersons. Youraffianthasalsomade",Ambiguous,,,291
Entry-291-657,"includingLSD, Ketamine, Cocaine,Psilocybin, MDMA, and variousprescriptionpills.",Edible,,,291
Entry-291-658,"ordering,sale,and distribution ofcontrolled dangerous substances.",Preroll,,,291
Entry-291-659,"investigation ofcontroJled dangerous substances violations, your affianthas found that persons",Ambiguous,,,291
Entry-292-660,"involved in theuse, manufacturing, and distributlonofcontrolled dangerous substances areoften",Preroll,,,292
Entry-292-661,involvedintheuseanddistributionofothercontrolleddangeroussubstanceswhichisa regenerative,Preroll,,,292
Entry-292-662,"activity,thatis aportionoftheproceedsfromthesaleofcontrolleddangeroussubstancesisused to",Preroll,,,292
Entry-292-663,Your affiant has also participated and completed controlled purchases for controlled,Preroll,,,292
Entry-292-664,"training,knowledge,andexperience,thecontrolledpurchasesfrom theabovereferencedretail",Preroll,,,292
Entry-292-665,"&tobaccoshops,thenumerousundercoverpurchasesofCannabis,thereisprobablecauseto",Flower,,,292
Entry-292-666,distribution and /or pessessionwith the intentto distribute and/ or possession ofcontrolled,Preroll,,,292
Entry-292-667,"dangeroussubstances,ashereinbeforecited,arebeingviolatedinand uponsaidperson,and",Ambiguous,,,292
Entry-293-668,"ofcontrolleddangeroussubstancesviolations,foundinoruponsaidpremisesandperson(s)inclose",Preroll,,,293
Entry-293-669,"proximity to contraband, controlled dangerous substances or controlled dangerous substance",Preroll,,,293
Entry-293-670,dangerous substanceviolationsand answeringmachineand answering machinetapes;,Ambiguous,,,293
Entry-293-671,fromviolationsofthecontrolleddangeroussubstanceslaws;,Preroll,,,293
Entry-295-672,"Manufacturing, Distribution, PossessionwithIntentto Distribute, and PossessionofaControlled",Preroll,,,295
Entry-295-673,"Dangerous Substancesas defined in Criminal Lew Article Sections; 1-202, 5-601 through 5-621",Ambiguous,,,295
Entry-295-674,"dealing generally with Controlled DangerousSubstances, includingnarcotics,hallucinogens,and",Preroll,,,295
Entry-296-675,"operation ofcontrolled dangerous substances violations, found in or upon saidpremises in close",Preroll,,,296
Entry-296-676,"proximity to contraband, controlled dangerous substances or controlled dangerous substance",Preroll,,,296
Entry-296-677,controlleddangerous substanceviolations;,Preroll,,,296
Entry-296-678,from violationsofthe controlleddangeroussubstanceslaws;,Preroll,,,296
Entry-303-679,!Í!i No Type(s}orCDS?Marijuana O Female,Flower,,,303
Entry-306-680,NameUnknown : D Juvenile: D,Ambiguous,,,306
Entry-306-681,Complexion : Eye Color: UNKNOWN,Ambiguous,,,306
Entry-306-682,"BASAR,ZAHEER RELATIONSHIPUNKNOWN NO",Ambiguous,,,306
Entry-306-683,BASAR.AMAN RELATIONSHIPUNKNOWN NO,Ambiguous,,,306
Entry-306-684,NameUnknown : D Juvenile: D,Ambiguous,,,306
Entry-307-685,NameUnknown : D Juvenile: D,Ambiguous,,,307
Entry-316-686,Make: Fiocchi Caliber: 9 mm Grains: 115 BulletType: FMJ CasingMaterial: Brass,Ambiguous,,,316
Details,Cartridge Case Exhibit Details,Cartridge,,,319
Entry-321-688,18. 19. 20. Complete each field for each firearm - indicate “UNK” if unknown. 22.,Ambiguous,,,321
Entry-327-689,"Unit(APDSOU)were contactedbyaconfidentialinformanthereinreferredto as CI-I,aboutControlledDangerous",Preroll,,,327
Entry-327-690,"Substance (CDS)violations occurring withinAberdeen,Maryland. Members ofAPDSOUmetwithCI-1, andthey",Ambiguous,,,327
Entry-327-691,statedthey couldmakeacontrolledpurchase ofCannabisfrom the All-in-Onetobacco shop located at 15WestBel,Flower,,,327
Entry-327-692,Members ofAPD SOUmetwithCl-1 atapredetermined locationforthepurposeofconductingacontrolled,Preroll,,forthepurposeofconductingacont,327
Entry-327-693,purchase ofcannabisfromtheAll-in-Onesmoke shop. CI-1 wasthoroughly searchedandfoundtobefree andclear,Flower,,,327
Entry-327-694,"insidethe storeandaskedfor""flower""atwhichpointtheemployeeworkingbehind thecounterprovidedthemwith",Flower,,andaskedfor,327
Entry-327-695,"amulticoloredjar (pictured below), containing cannabis.",Flower,,,327
Entry-328-696,"The cannabis was then transported by sergeant Helfto the Maryland Cannabis Commission, where the",Flower,,,328
Entry-328-698,ontheback ofthepurchased Cannabis product also reflects 25%THC contentas partofthe product information.,Flower,,,328
a25,"cannabis wastested. Thetestreflectedthe Cannabis contained a25%Tetrahydrocannabinol(THC) content,which",Flower,,,328
Entry-329-699,Operations Unit(APOSOU) receiveda complaint in referenceto theAll-in-One tobacco shop sellingcannabisandtobacco,Flower,,,329
Entry-329-700,Helfthen stopped Lewiforthe litteringviolation. DuringthestopSergeant Helfobservedavape in Lewi's right pocketat,Cartridge,,,329
Entry-329-701,"andattemptedto purchasecannabisbutwasdeclined. Sergeant Helfwas ableto purchase one ""Geek Bar Pulse"" for",Flower,,,329
Entry-329-702,$20.00.The boxand vapewereconsistentwith the boxandvape detectivesobserved in Lewi's possession. The boxstated,Cartridge,,,329
Entry-330-703,UnknownApartment #,Ambiguous,,,330
Entry-330-704,searchofficers located a green bookbag containing approximately 6to 10one-ouncevacuum sealed bagsofCannabisand,Flower,,,330
Entry-330-705,permitted bylaw. DetectiveArmigeris aware that thisamountofcannabis isa considerable and unreasonableamountfor,Flower,,,330
At 1400,"At 1400 hrs, aCI made acontrolled purchase ofcannabisfrom theAll-in-One Tobacco Shop of",Flower,,,331
Entry-331-706,"vacuum-sealedbags ofmarijuana. Abinashstatedto Officers ""thathehadto take",Flower,,,331
Entry-331-707,stopped Lewiforlittering. Det. Helfobserved avape in Lewi'sright pocket. Lewi informedDet.,Cartridge,,,331
Entry-331-708,Helfthathe is 19years old. Det. Helfinquiredhowmuchthevape cost. Lewireplied with$20.,Cartridge,,,331
Entry-331-709,marijuanabutwas declined. The Clerkofthe store informedDetHelfthatthey donot sell,Flower,,informedDetHelfthatthey donot,331
Entry-331-710,Marijuanaand that he could getit from the dispensary. Det. Helfdid purchase oneGeekBar,Flower,,,331
Entry-331-711,Pulse for$20. The boxand vapearethe same coloras the vape that wasrecoveredforLewi. The,Cartridge,,,331
Entry-331-713,marijuanafor $37. TheCIreturned withmarijuana andhandedit overto Det. Epps.,Flower,,,331
Entry-332-715,Cannabis Cigarettes,Flower,,,332
Entry-332-716,"On March 18th, 2025, DetectiveArmigercoordinated an undercover buyofCannabis from All ln One Food",Flower,,,332
Entry-332-717,"approximately 1352 hours, Det.Testerman entered the store, where he purchased 3 pre-rolled cannabis",Flower,,,332
Entry-332-718,Cannabis.,Flower,,,332
Entry-332-719,"Det. Armigerthen tooktheSuspected Cannabis backto the Harford County DrugTask Force Office,",Flower,,,332
MD 21001,"Supplement 3.5Grams Cannabis/3 Pre-Rolled 15 West BelAir Ave., Aberdeen, MD 21001",Flower,3.5,,332
at 1215,"transportthesuspected Cannabis to theAlcohol,Tobacco, and Cannabis Commission, located at 1215 E. Fort",Flower,,,332
Entry-333-721,Controlled Danzerous Substances CDS,Preroll,,,333
Entry-333-723,Pre Rolled Suspected Cannabis Cigarette,Flower,,,333
Qty,Item Qty Supcrvtsor DcsignalcsuspectedCDStypeandpackaging. Es1imatcd,Ambiguous,,,333
Entry-334-724,Controlled Danserous Substances CDS,Preroll,,,334
EV-25,1 Three Pre-Rolled Cigarette Containing Suspected Cannabis EV-25-1244,Flower,,,335
EV-25,"2 Multi-Color ""Curevana"" Container Containing Suspected Cannabis EV-25-1243",Flower,,,335
Entry-335-725,CheckforCDS: 0CDSPossession E'.:]CDS PWIDO Unknown 03/18/25 Harford [3,Ambiguous,,,335
Entry-335-726,Suspect OJuvenile O Unknown DOB: FBI#: SID#:,Ambiguous,,,335
Entry-335-727,Victim O Unknown DOB:,Ambiguous,,,335
Entry-336-731,"Cannabisthatwaspurchased fromAll In OneFoodMartonTuesday,March 18th,2025, tested forTetrahydrocannabinol",Flower,,,336
Entry-336-732,(THC)content.,Unknown,,,336
Entry-336-733,"DetectiveArmigermet with AgentMangold, whowouldconduct thetest. Thecannabiswastestedutilizingthe",Flower,,,336
Entry-336-734,"LíghtLab3 CannabisAnalyzer. As aresultofthetest,thepurchased Cannabistested atatotal THC level of1.5%THC.",Flower,,,336
at 1215,"Tobacco, and Cannabis Commission, located at 1215 EastFortAvenue#300, Baltimore, MD21230, inorderto havethe",Flower,,,336
Entry-337-735,Sample ID: 2025-00044777 Aberdeen,Unknown,,,337
Entry-338-736,SAMPLE DETAILS,Unknown,,,338
Entry-338-737,THC:CBD Ratio,Unknown,,,338
Entry-338-738,Hiqn THC Snmple,Unknown,,,338
Entry-339-740,Total THC: 2.7%,Unknown,,,339
Entry-339-741,.THC-A:,Flower,,,339
Entry-339-742,.A9-THC: 2.7%,Unknown,,,339
Entry-339-743,AS-THC*: 5.7%,Unknown,,,339
o 51,o 51 102 153 204 255 306 357 408 459 510,Cartridge,,,339
Bar 12,Chocolate Bar 12,Edible,,,340
Entry-340-746,"On May 14th, 2025 Detective Mmi ger coordinated an undercover buy of Cannabis from All ln One Food",Flower,,,340
Entry-340-747,"approximately 1352 hours, Det. Testerman entered the store, where hepurchased 3 pre-rolled cannabis",Flower,,,340
Entry-340-748,"with Det. Armiger, whotook custody ofthe purchased Cannabis.",Flower,,,340
Entry-340-749,"tookthe Suspected Cannabis backtothe Harford County DrugTask Force Office,",Flower,,,340
MD 21001,"Supplement 3.5 Grams Cannabis/Mushroom 15West BelAirAve., Aberdeen, MD 21001",Flower,3.5,,340
Entry-341-750,Controlled Danzerous Substances CDS,Preroll,,,341
Entry-341-751,"2 1 _""_MagicMushroom Chocolate 7 Grams ofFl,!n"" ... Oves OYcs",Edible,7.0,,341
Entry-341-752,ApproximateWeight- 1 Chocolate Bar ...,Edible,,,341
Entry-342-753,Controlled Danzerous Substances CDS,Preroll,,,342
Entry-343-754,CheckforCOS:0 CDSPossessionE] CDS PWIDO Unknown 05/14/25 Harford [:),Ambiguous,,,343
Entry-343-755,Suspect OJuvenile O Unknown DOB: FBI#: SID#:,Ambiguous,,,343
Entry-343-756,Victim O Unknown DOB:,Ambiguous,,,343
Entry-343-757,"statedlnessentiallythesameconditionaswhenreœived,exceptthatmaterialorportionconsumedintheanalysisattheForensicSciencesDivision.",Ambiguous,,,343
Entry-344-758,) Bribery ChildAbuse(First/SecondDegree) eatinginControlled DangerousSubstances(includin,Preroll,,,344
Entry-345-759,Supplement/UCBuy 3.Sgrams ofCannabis,Flower,,,345
Entry-345-760,undercovercapacitywherehewas taskedwithconducting an undercoverpurchase ofcannabis from an,Flower,,,345
Entry-345-761,"commonly used for cigarillo)and flower(aslangtermcommonly usedfor Cannabis),"". The clerkretrievedapack",Flower,,,345
Entry-345-762,"geometric shapes,containingapproximately 3.5 gramsofCannabis. Detective Scrogginspaid forthecigarillo's",Flower,,,345
Entry-345-763,and the 3.5 gramsofcannabis.,Flower,,,345
Entry-346-764,"Afterthe sale, Detective Scroggins returnedto his covertvehicleand eventuallytransportedthe Cannabis",Flower,,,346
Entry-347-765,CheckforCDS: 0CDSPossession (:'.] CDSPWIDO Unknown 05/29/25 Harford [:],Ambiguous,,,347
Entry-347-766,Suspect O Juvenile O Unknown DOB: FBI#: SID#:,Ambiguous,,,347
Entry-347-767,Victim O Unknown DOB:,Ambiguous,,,347
Entry-347-768,"statedlnessentiallythesameconditionaswhenreceived,exceptthatmaterialorportionconsumedlntneanalysisattheForensicSciencesDivision.",Ambiguous,,,347
Entry-348-769,2499.4gofGummies (228 Units),Edible,,,348
Entry-348-770,307.Sg ofPre-rolled Cannabis (195 Units),Flower,,,348
Entry-348-771,603.Sg ofPrepackaged Cannabis (158 Units),Flower,,,348
Entry-348-772,709.Sg ofJarred Cannabis(14 Units),Flower,,,348
Entry-348-773,847.54gofTHC Edibles (286 Units),Edible,,,348
Entry-348-774,2691.SgofVacuum Sealed BagsofCannabis (6 Units),Flower,,,348
Entry-349-776,"Behindthe front counter, Detectives located largeamounts ofcannabis ontheflooralongwith a digital",Flower,,,349
s,"Detectives began asystematic search ofthe store's cabinets for items containing THC content, and items",Unknown,,,349
Entry-350-777,"Detectives also located in adisplay case markedas""Case l"", numerous ediblescontaining suspected",Edible,,,350
Entry-350-778,"psylocibin, aschedule 1 controlleddangeroussubstance, andglassjars containingcannabis. Detective Scroggins",Flower,,,350
5,"multiple packages ofpsychedelic gununies. Detective Scroggins seizedthis bag as Item #5. Detectives located onthe lowershelfofthepedestal, containers containing cannabisresidue. Detective",Flower,,,351
Entry-352-780,containing prepackaged amounts ofcannabis weighing approximately 3.5 grams each. Detective Scroggins seized,Flower,3.5,,352
Entry-353-781,Detectives also located multiple boxes containing pre rolled cigarscontaining approximately 1.5 to 2,Preroll,,,353
Entry-355-782,"Detectives also locatedÍI,1 a. back storage room oftheestablishment, numerous edibles containing",Edible,,,355
s,"suspected psylocibin, aschedule 1 controlleddangerous substance. Theseitems were seized as Item #12. In that sameroom, Detectives located acardboard boxcontaining large blackvacuum sealed bags",Preroll,,,355
Entry-357-784,CheckforCDS:O CDS Possession 0 CDS PWIDO Unknown 05/29/2025 Harford G,Ambiguous,,,357
Entry-357-785,Suspect OJuvenile O Unknown DOB: FBI#: SID#:,Ambiguous,,,357
Entry-357-786,Victim O Unknown DOB:,Ambiguous,,,357
Entry-357-787,sample ofa leafy green substance.,Ambiguous,,,357
Entry-357-789,"statedinessentiallythesameconditionaswhenreceived,exceptthatmaterialorportionconsumedintheanalysisattheForensicSciencesDivision.",Ambiguous,,,357
is,- *Each item is a sample from a larger batch of the respective item*,Unknown,,,357
Entry-358-790,li!! No Type(s)ofCDS? Marijuana O Female,Flower,,,358
Entry-360-791,? No Type(s)orCDS?Marijuana O Female A,Flower,,,360
Entry-362-792,iii No Type(s)ofCDS? Marijuana O Female,Flower,,,362
Entry-364-793,"Distribution,PossessionwithIntenttoDistribute,andPossessionofaControlledDangerous Substances",Preroll,,,364
Entry-364-794,"Controlled Dangerous Substances, including narcotics, hallucinogens, and other dangerous drugs are",Preroll,,,364
Entry-365-795,"operation of controlled dangerous substances violations, found in or upon said premises and",Preroll,,,365
Entry-365-796,"person(s) in close proximity to contraband, controlled dangerous substances or controlled",Preroll,,,365
Entry-365-797,controlleddangeroussubstanceviolations andansweringmachineandansweringmachinetapes;,Preroll,,,365
Entry-365-798,fromviolations ofthe controlled dangeroussubstanceslaws;,Preroll,,,365
Entry-366-799,2499.4gofGummies (228 Units),Edible,,,366
Entry-366-800,307.5g of Pre-rolledCannabis {195 Units),Flower,307.5,,366
Entry-366-801,603.5g of Prepackaged Cannabis {158 Units),Flower,603.5,,366
Entry-366-802,709.5g ofJarred Cannabis {14 Units),Flower,709.5,,366
Entry-366-803,847.54g ofTHC Edibles {286 Units),Edible,847.54,,366
Entry-366-804,2691.8gofVacuum Sealed Bags ofCannabis (6 Units),Flower,,,366
Entry-367-805,"Behind thefrontcounter, Detectives located largeamounts ofcannabis on the flooralong with adigital",Flower,,,367
Entry-368-806,"Detectives also located in adisplay case marked as ""Case l"", numerous edibles containing suspected",Edible,,,368
Entry-368-807,"psylocibin, a schedule 1 controlled dangerous substance, and glassjars containing cannabis. Detective Scroggins",Flower,,,368
5,"multiplepackages ofpsychedelic gummies. Detective Scroggins seized this bag as Item #5. Detectives located on the lowershelfofthepedestal, containers containing cannabis residue. Detective",Flower,,,369
Entry-370-809,containing prepackaged amounts ofcannabis weighing approximately 3.5 grams each. Detective Scroggins seized,Flower,3.5,,370
Entry-371-810,Detectives also located multiple boxes containing prerolled cigarscontaining approximately 1.5 to2,Preroll,,,371
Entry-373-811,".......................:> c:u.:>v 1v1.,tttcu ma oacx siorage room or theestablishment, numerous edibles containing",Edible,,,373
s,"suspected psylocibin, a schedule 1 controlled dangerous substance. These items were seized as Item #12. In that same room, Detectives located a cardboard box containing largeblack vacuum sealed bags",Preroll,,,373
Entry-375-813,Drug Related DrugType MARIJUANA,Flower,,,375
Entry-377-814,NameUnknown : D Juvenile: D,Ambiguous,,,377
Entry-377-815,NameUnknown : D Juvenile: D,Ambiguous,,,377
Entry-378-816,"Brand: MUSHROOM GUMMIES Disposition : HELD, EVIDENCE",Edible,,,378
Entry-378-817,Description : BOXCONTAINING2499.4G OF MUSHROOM GUMMIES,Edible,4.0,,378
Entry-378-818,"Brand: PRE-ROLLED CANNABISCIGARS Disposition : HELD, EVIDENCE",Flower,,,378
Entry-378-819,Description : BOXCONTAINING307.5GOF PRE-ROLLEDCANNABISCIGARS,Flower,,,378
Entry-378-820,"Brand: PRE-PACKAGEDCANNABIS Disposition : HELD, EVIDENCE",Flower,,,378
Entry-378-821,Description : BOXCONTAINING603.5GOFPRE-PACKAGEDCANNABIS,Flower,,,378
Entry-379-822,"Brand: JARSOF CANNABIS Disposition : HELD, EVIDENCE",Flower,,,379
Entry-379-823,Description : BOX CONTAINING709.5GOF JARREDCANNABIS,Flower,,,379
Entry-379-824,Description : BOXCONTAINING847.54G OFTHC EDIBLES,Edible,54.0,,379
Entry-379-825,"Brand: VACCUMSEALEDBAGSOF CANNABIS Disposition : HELD, EVIDENCE",Flower,,,379
Entry-379-826,Description : BOXCONTAINING2691.8 GRAMSOF CANNABIS IN VACUUM SEALEDBAGS,Flower,,,379
Entry-379-827,"Brand: CDS SAMPLES Disposition : HELD, EVIDENCE",Unknown,,,379
Entry-379-828,Description : ONE HEATSEALEDBAGCONTAININGCDS SAMPLES,Unknown,,,379
Entry-380-829,Description: ONE HEATSEALEDBAGCONTAININGcos SAMPLES,Unknown,,,380
Entry-381-830,Description : BOXCONTAINING2499.4G OF MUSHROOM GUMMIES I,Edible,4.0,,381
Entry-381-831,Description : BOXCONTAINING307.5GOF PRE-ROLLEDCANNABISCIGARS I,Flower,,,381
Entry-381-832,Description : BOXCONTAINING603.5GOF PRE-PACKAGEDCANNABIS I,Flower,,,381
Entry-381-833,Description : BOXCONTAINING709.5GOF JARREDCANNABIS I,Flower,,,381
Entry-381-834,Description : BOX CONTAINING847.54G OF THC EDIBLES I,Edible,54.0,,381
Entry-381-835,Description : BOXCONTAINING2691.8 GRAMSOF CANNABIS IN VACUUM SEALED BAGS I,Flower,,,381
Entry-384-836,CheckforCDS: 0 CDS Possession 0 CDS PWIDO Unknown 05/29/2025 Harford G,Ambiguous,,,384
Entry-384-837,Suspect D Juvenile D Unknown DOB: FBI#: SID#:,Ambiguous,,,384
Entry-384-838,Victim D Unknown DOB:,Ambiguous,,,384
Entry-384-839,sample of a leafy green substance.,Ambiguous,,,384
Entry-384-841,"statedinessentiallythesameconditionaswhenreoeived,exceptthatmaterialorportónconsumedintheanalysisa,;theForensicScienoesDiVision.",Ambiguous,,,384
is,*Each item is a sample from a larger batch of the respective item*,Unknown,,,384
Entry-387-843,"On March 18th, 2025, Detective Armiger coordinated an undercover buy of Cannabis from Best Choice",Flower,,,387
Entry-387-844,"lot. Atapproximately 1411 hours, Det. Testerman enteredthe store, where he purchased 3.5 gramsofCannabis",Flower,,,387
Entry-387-845,"Testerman metwith Det. Armiger, who tookcustodyofthe purchased Cannabis.",Flower,,,387
Entry-387-846,"Det. Armigerthen tookthe Suspected Cannabis back to the Harford County DrugTask Force Office,",Flower,,,387
MD 21078,"Supplement3.5Grams Cannabis 866 Otsego St., Havre Degrace, MD 21078",Flower,5.0,,387
at 1215,"transportthe suspected Cannabis to the Alcohol,Tobacco, and Cannabis Commission, located at 1215 E. Fort",Flower,,,387
Entry-388-848,11cm Qty Supervisa< DesignatesuspectedCDStypeandpackaging. Estimated,Ambiguous,,,388
Entry-388-849,"CurevanaTHC-P Flower""Green Crack""",Flower,,,388
Entry-389-850,Controlled Dan Substances CDS,Preroll,,,389
EV-25,"1 Multi-Color ""Curevana"" Container Containing Suspected Cannabis EV-25-1241",Flower,,,390
Entry-390-851,CheckforCDS:0CDSPossession E] CDSPWIDO Unknown 03/18/25 Harford,Ambiguous,,,390
Entry-390-852,Suspect O Juvenile O Unknown DOB: FBI#: SID#:,Ambiguous,,,390
Entry-390-853,Viet.im O Unknown DOB:,Ambiguous,,,390
Entry-390-855,"statedlnessentiallythesameconditionaswhenreceived,exœptthatmaterialorportionconsumedlntheanalysisattheForensicSdenœsDiviSion.",Ambiguous,,,390
Entry-391-857,"Cannabisthatwaspurchased fromBest in ChoiceGroceryInc., onTuesday,March181\2025, testedfor",Flower,,,391
Entry-391-858,Tetrahydrocannabinol(THC) content.,Unknown,,,391
at 1215,"Tobacco, andCannabisCommission, located at 1215 EastFortAvenue#300,Baltimore,MD 21230, inorderto havethe",Flower,,,391
J-44777,Sample 10: 2/.J-44777 BEST CHOICE,Unknown,,,392
Entry-393-861,",? Total THC: 3.4%",Unknown,,,393
Entry-393-862,.THC-A: ND,Flower,,,393
Entry-393-863,•â9-THC: 3.4%,Unknown,,,393
Entry-393-864,â8-THC*: 9.6%,Unknown,,,393
o 255,o 255 510,Cartridge,,,393
Entry-394-865,THC:CBD Ratio,Unknown,,,394
Entry-394-866,High THC Sample,Unknown,,,394
Entry-395-869,{:?Total THC: 3.4%,Unknown,,,395
Entry-395-870,.THC-A: ND,Flower,,,395
Entry-395-871,• A9-THC: 34%,Unknown,,,395
Entry-395-872,AS-THC*: 9.6%,Unknown,,,395
Entry-396-874,"Cigarettes, One MushroomChocolate ar.",Edible,,,396
Entry-396-875,"On April 3rd, 2025, Detective Armiger coor inated an undercover buy of Cannabis from Best Choice",Flower,,,396
Entry-396-876,"suspected Cannabis Cigarettes and a ""Polka Dot Mushroom Magic Blend Belgian White Chocolate Pink",Flower,,,396
Entry-396-877,Chocolate bar at this time are unknown. Detective Armiger conducted an internet search in regardsto the,Edible,,,396
Entry-396-878,chocolate bar and found that in some casesthese bars have been found tocontain Psilocybin.,Edible,,,396
Entry-396-879,Det. Armigerthen tooktheSuspected Cannabis & chocolate bar backtothe Harford CountyDrugTask,Flower,,,396
MD 21078,"SupplementThree Pre-RolledSuspected Cannabis 866Otsego St., Havre DeGrace, MD 21078",Flower,,,396
Entry-397-880,Bribery Child Abuse(First/SecondDegree) DealinginControlled,Preroll,,,397
Entry-397-881,iolotÎOilSofCl...5-&?,Concentrate,,,397
Entry-398-883,Green Leafy Substance suspected Cannabis,Flower,,,398
Entry-398-884,ApproximateWcighl= 3 Pre-Rolled Cigarettes,Preroll,,,398
Entry-398-885,"""Polka Dot"" Mushroom Chocolate Bar",Edible,,,398
Entry-398-886,ApproximateWeight= 1 Chocolate Bar,Edible,,,398
Qty,Item Qty SupcrvtSO< DesignatesuspectedCDStypeandpackaging. Estimated,Ambiguous,,,398
Entry-399-887,Controlled Dan Substances CDS,Preroll,,,399
EV-25,1 Three Pre-Rolled Suspected Cannabis Cigarettes EV-25-2827,Flower,,,400
EV-25,2 Polka Dot Brand Mushroom Chocolate Bar Containing Suspected Psilocybin EV-25-2828,Edible,,,400
Entry-400-888,CheckforCDS: 0 CDSPossessionB CDSPWIDO Unknown rford [:],Ambiguous,,,400
Entry-400-889,Suspect O Juvenile O Unknown DOB: FBI#: SID#:,Ambiguous,,,400
Entry-400-890,Victim O Unknown DOB:,Ambiguous,,,400
Entry-401-893,Drug Investigation - UC Buy - Three (3)Pre-Rolled Best Choice Grocery Inc. Tobacco Shop,Preroll,,,401
Entry-401-894,"Cannabis Joints, Psilocybín Edible - 4 grams -",Flower,4.0,,401
Entry-401-895,"Harford and Cecil County, Maryland selling unregulated marijuana. Further investigation was requested resulting",Flower,,,401
Entry-401-896,in Detective Armiger ofthe Harford County Sheriff's Office Drug Task Force to begin a controlled dangerous,Preroll,,,401
Entry-401-897,substance (hereinafter CDS). Through investigation it was learned these businesses were owned by the same,Ambiguous,,,401
Entry-401-898,"Maryland, 21078 in hopes ofpurchasing marijuana and psylocibin (shrooms) from the business. Detective",Flower,,,401
Entry-401-899,"the lot ofthe shoppingplaza. Assisting Detective Testerman with this controlled purchase was SergentSives, who",Preroll,,,401
Entry-401-900,was the second controlled purchase ofmarijuana and psilocybin (shrooms) from this location.,Flower,,,401
Entry-402-901,"""loose' (street term forloosecannabis) ""loose flower"" (streettermfor loose cannabis), ""gelatos"" (terminologyfor",Flower,,,402
Entry-402-902,"astrain ofcannabis)or ""pre-rolls""(commonterminology utilized forpre-rolled cannabisjointsready for",Flower,,,402
Entry-402-903,"consumption). UM#1 gestured Detective Testermanto aglass display case, whichcontainedvarious cannabis",Flower,,,402
Entry-402-905,generic conversationaboutthe cannabispre-rolledjoints. DetectiveTestermanpicked fromtheselection three(3),Flower,,,402
Entry-402-906,"pre-rolled cannabisjointsto include One (1) ""Yoda OG"", One (1) ""PineapplePoundcake""and One (1) ""Mango",Flower,,,402
Entry-402-908,Sheriffs Office undercoverfunds forthe pre-rolled cannabisand ediblechocolatebarofpsilocybin(shrooms).,Flower,,,402
Entry-402-909,transportedthe suspectedpre-rolled cannabis andpsilocybin (shrooms) edibleto asecurelocation. Upon arrival at,Flower,,,402
Entry-402-910,"the secure location, Detective Testerman beganprocessing the suspectedCDS.",Ambiguous,,,402
s,related items to includetherequested pre-rolled marijuanajoints. DetectiveTesterman and UM #1 engagedin,Flower,,,402
s,"cannabisrelated items and suspectedPsylocibinedibles. Detective Testerman selectedone(1)ofthem, which",Flower,,,402
Entry-404-911,Check forCDS: ElCDS Possession ElCDS PWIDO Unknown rford G,Ambiguous,,,404
Entry-404-912,Suspect O Juvenile 0 Unknown DOB: FBI#: SID#:,Ambiguous,,,404
Entry-404-913,Victim O Unknown DOB:,Ambiguous,,,404
Entry-404-914,"leafysubstance ofsuspected Cannabis, a schedule I cont;olled dangerous substance. ?S'lL'",Flower,,,404
Entry-404-915,"leafysubstance of suspected Cannabis, a schedule I controlled danqerous substance. }S'"":1'",Flower,,,404
Entry-404-916,"withgroen aleafy substanceofsuspected Cannabis,ascheduleIcontrolled dangeroussubstance.",Flower,,,404
Entry-404-917,"containing 4 grams of suspected Psilocybin, a schedule I controlled dangerous",Preroll,4.0,,404
Entry-404-918,"substance. Ï}Ç""*",Ambiguous,,,404
Entry-404-919,"statedlnessentiallythesamecondtlonaswhenreceved,exœptthatmaterialorporoonconsumed1ntheanatys,sattheForens,cSöencesDivis!Oll",Ambiguous,,,404
Entry-404-920,1. Unknown - 05/29/25 0858 13.,Ambiguous,,,404
Entry-405-921,Bribery ChildAbuse(First/SecondDegree) DealinginControlledDangerousSubstances,Preroll,,,405
Al60,Unknown Armizer Al60,Ambiguous,,,406
Entry-407-923,I Unknown -,Ambiguous,,,407
Entry-409-928,"$30,382.50. Totals forthe THC products wereas follows:",Unknown,,,409
Entry-409-929,• 2066.5 grams ofPre-rolled/ flowercannabis,Flower,2066.5,,409
Entry-409-930,• 861.37 grams ofedibleTHC products,Edible,861.37,,409
Entry-409-931,• 44 grams of waxTHCproducts,Concentrate,44.0,,409
Entry-409-932,• 105.2 gramsofcartridges containingTHC,Cartridge,,,409
Entry-409-933,• 50.76 grams ofeditbale THC products,Unknown,50.76,,409
Entry-409-934,• 3294.75 grams offlower cannabis,Flower,3294.75,,409
S1117,Marijuana S1117,Flower,,,409
S1211,9 Various Cannabis Products Shelfbehind counter S1211 Det.Smith,Flower,,,409
S645,16 THC Products Case#5 S645 Det. Smith,Unknown,,,409
s,5 Case#3 Items -THC ln case 3 S1230/S1211 Det. Smith,Unknown,,,409
Entry-411-935,[lem Qty Supervisor DesignatesuspectedCDStypeandpackaging. Estimated,Ambiguous,,,411
Entry-411-938,4 1 Bagof variouswaxtypeTHC $200.00 E,Concentrate,,,411
Entry-411-939,5 1 VariouscartridgescontainingTHC $200.00 E,Cartridge,,,411
sofsuspectedcannabis,1 1 Variousitemsofsuspectedcannabis/prerolledcannabiscigarettes $200.00 E,Flower,,msofsuspectedcannabis,411
sofsuspectedcannabis,2 1 Variousitemsofsuspectedcannabiseditables $200.00 E,Flower,,msofsuspectedcannabiseditables,411
sofsuspectedcannabis,6 1 Variousitemsofsuspectedcannabiseditables $200.00 E,Flower,,msofsuspectedcannabiseditables,411
sofsuspectedcannabis,7 1 !Variousitemsofsuspectedcannabis $200.00 E,Flower,,msofsuspectedcannabis,411
Entry-412-942,Controlled Danzerous Substances CDS,Preroll,,,412
Entry-413-943,Loncrouea uan2erous substances CJJS,Ambiguous,,,413
Entry-413-944,"[tern Qty S11pc,vtSO< DesignatesuspectedCDStypeandpaclcaging. Estimated",Ambiguous,,,413
Entry-413-945,8 1 VariouscartridgescontainingTHC,Cartridge,,,413
Entry-414-946,Controlled Dangerous Substances CDS,Preroll,,,414
Entry-415-947,"3 I Box containingvarious packagingmaterial ,.. -/""\ $100.00 E D O",Ambiguous,,,415
Entry-417-948,CheckforCDS:O CDSPossession O CDSPWIDO Unknown 5/29/25 Harford,Ambiguous,,,417
Entry-417-949,Suspect O Juvenile O Unknown DOB: FBI#: SID#:,Ambiguous,,,417
Entry-417-950,Victim O Unknown DOB:,Ambiguous,,,417
Entry-417-951,1 Bag containing 3 prerolled cigarettes suspected Cannabis,Flower,,,417
Entry-417-952,2 Bag containing suspected THC gummies,Edible,,,417
Entry-417-953,"3 bag containing package of suspected Psilocybin gummies f_) -'.'J?? '9',",Edible,,,417
Entry-417-954,"4 bag containing suspectedwax type THC '.J.'.-i--'w, ':}lt;",Concentrate,,,417
Entry-417-955,"5 bag containing suspected cannabis ?'""' '-'"" q,:x",Flower,,,417
Entry-417-956,"statedinessentiallythesameconditionaswhenreœived,exceptthatmaterialorportionconsumedintheanalysisattheForensicSciencesOMsion.",Ambiguous,,,417
Entry-419-957,? No Type(s)ofCDS? Marijuana O Female,Flower,,,419
Entry-421-958,!! No Type(s)orCDS? Marijuana OFemale,Flower,,,421
Entry-423-959,"Distribution,PossessionwithIntentto Distribute, andPossessionof a ControlledDangerous Substances",Preroll,,,423
Entry-423-960,"Controlled Dangerous Substances, including narcotics, hallucinogens, and other dangerous drugs are",Preroll,,,423
Entry-424-961,"operation of controlled dangerous substances violations, found in or upon said premises and",Preroll,,,424
Entry-424-962,"person(s) in close proximity to contraband, controlled dangerous substances or controlled",Preroll,,,424
Entry-424-963,controlleddangeroussubstance violationsand answeringmachineandansweringmachinetapes;,Preroll,,,424
Entry-424-964,fromviolationsofthe controlleddangerous substanceslaws;,Preroll,,,424
Entry-426-969,"$30,382.50. Totals forthe THC products were as follows:",Unknown,,,426
Entry-426-970,• 2066.5 grams ofPre-rolled/flowercannabis,Flower,2066.5,,426
Entry-426-971,• 861.37 grams ofedible THC products,Edible,861.37,,426
Entry-426-972,• 44 grams of waxTHC products,Concentrate,44.0,,426
Entry-426-974,• 50.76 grams ofeditbale THC products,Unknown,50.76,,426
Entry-426-975,• 3294.75 grams offlowercannabis,Flower,3294.75,,426
S1211,9 VariousCannabis Products Shelfbehind counter S1211 Det. Smith,Flower,,,426
S645,16 THC Products Case#5 S645 Det.Smith,Unknown,,,426
l05,• l05.2 grams ofcartridges containing THC,Cartridge,2.0,,426
s-THC,5 Case#3 Items-THC ln case 3 S1230/S1211 Det. Smith,Unknown,,,426
Entry-429-976,NameUnknown : D Juvenile: D,Ambiguous,,,429
Entry-429-977,NameUnknown : D Juvenile: D,Ambiguous,,,429
Entry-430-978,"Brand: PRE ROLLED Disposition : HELD, EVIDENCE",Preroll,,,430
Entry-430-979,Model: CANNABIS NCICWeaponType:,Flower,,,430
Entry-431-980,"Brand: THCGUMMIES Disposition : HELD, EVIDENCE",Edible,,,431
Entry-431-981,Model: GUMMIES NCICWeaponType:,Edible,,,431
Entry-431-982,"Brand: WAX TYPE Disposition : HELD, EVIDENCE",Concentrate,,,431
Entry-431-983,Model: THC NCICWeaponType :,Unknown,,,431
Entry-431-984,Model: CANNABIS NCICWeaponType:,Flower,,,431
Entry-432-985,"Brand: LOOSEAND PRE ROLLED Disposition : HELD, EVIDENCE",Preroll,,,432
Entry-432-986,Model: CANNABIS NCICWeaponType:,Flower,,,432
Entry-432-987,"Brand: CANNABIS Disposition : HELD, EVIDENCE",Flower,,,432
Entry-432-988,"Brand: WAXTYPE Disposition : HELD, EVIDENCE",Concentrate,,,432
Entry-432-989,Model: THC NCICWeaponType:,Unknown,,,432
Entry-433-990,"Brand: CARTRIDGES CONT Disposition : HELD, EVIDENCE",Cartridge,,,433
Entry-433-991,Model: THC NCICWeaponType:,Unknown,,,433
Entry-433-992,"Brand: VARIOUSCANNABIS Disposition : HELD, EVIDENCE",Flower,,,433
Entry-433-993,Model: CANNABIS NCICWeaponType :,Flower,,,433
Entry-433-994,"Brand: VARIOUSCARTRIDGES Disposition : HELD, EVIDENCE",Cartridge,,,433
Entry-433-995,Model: THC NCICWeaponType:,Unknown,,,433
Entry-440-1000,"Cannabis (>1% delta-9-THC) I 1, 2, 3",Flower,,,440
Entry-440-1001,"""PolkaDot"" foil pack containing greenish gummles 28.6185 g +/-0.0012g",Concentrate,6185.0,,440
Entry-440-1002,"""Road Trip"" Mushroom gummies foll pack containing dark green gummies 26.3612 g +/-0.0012 g",Edible,3612.0,,440
Entry-440-1003,"delta-8-tetrahydrocannabinol (delta-8-THC) NS 2, 3",Unknown,,,440
Entry-440-1004,green plant material 6.2149 g +/-0.0012 g,Flower,2149.0,,440
Entry-440-1005,"Cannabis (>1% delta-9-THC) I 1, 2, 3",Flower,,,440
Entry-440-1006,"Non-statistical sampling plan used unless otherwise indicated. If statistical sampling plan is used, it will be with 95% confidence level that 90% of the samples are Positive. Net weights are",Unknown,,,440
Entry-440-1007,hereby certify that: 1) The above analyzed material was analyzed by me under procedures approved by the Maryland Department of Health; 2) I am certified by the Maryland Department of Health as an indi,Ambiguous,,,440
Entry-440-1008,ualified under standards approved by that Department to analyze controlled dangerous substances; 3) the substances found in the above described containers are the particular controlled substances list,Preroll,,,440
Entry-440-996,Controlled Dangerous Substance Analysis Report,Preroll,,,440
Entry-440-997,"experience as well as validated and accepted scientific procedures. Unless contracted otherwise, all POSITIVE material will be retained for one year from the date of this",Ambiguous,,,440
Entry-440-998,report. All NEGATIVE material will be retained for six months from the date of this report.,Ambiguous,,,440
Entry-440-999,3 pre-rolled cigarettes containing green plant material 2.9197 g +/-0.0012 g,Flower,9197.0,,440
Entry-441-1009,Controlled Dangerous Substance Analysis Report,Preroll,,,441
Entry-441-1010,"experience as well as validated and accepted scientific procedures. Unless contracted otherwise, all POSITIVE material will be retained for one year from the date of this",Ambiguous,,,441
Entry-441-1011,report. All NEGATIVE material will be retained for six months from the date of this report.,Ambiguous,,,441
Entry-445-1013,"On March 18th, 2025, Detective Armigercoordinatedan undercoverbuy ofCannabisfromAll Convenience",Flower,,,445
Entry-445-1014,"lot. Atapproximately 1601 hours, Det. Testerman enteredthe store, where he purchased 14gramsofCannabis",Flower,,,445
Entry-445-1015,purchased Cannabis.,Flower,,,445
Entry-445-1016,"Det. Armigerthen tooktheSuspected Cannabis back to the Harford County DrugTask Force Office,",Flower,,,445
MD 21921,"Supplement 17.5Grams Cannabis 243South BridgeSt., Elkton, MD 21921",Flower,17.5,,445
Entry-446-1018,J-.m Qty Supavisor DesignatesuspectedCDStypeandpackaging. Estimated,Ambiguous,,,446
Entry-446-1019,Curevana THC-A Flower,Flower,,,446
Entry-446-1020,Just Dancing Cannabîs Flower,Flower,,,446
Entry-447-1021,Controlled Dan erous Substances CDS,Preroll,,,447
Entry-448-1022,CheckforCDS:0CDSPossessionE]CDS PWIDO Unknown 03/18/25 Harford [:],Ambiguous,,,448
Entry-448-1023,Suspect O Juvenile O Unknown DOB: FBI#: SID#:,Ambiguous,,,448
Entry-448-1024,Victim O Unknown DOB:,Ambiguous,,,448
Entry-448-1026,"statedinessentiallythesameconditionaswhenreceived,exœptthatmaterialorportionconsumedlntheanalysisattheForensicSciencesDivision,",Ambiguous,,,448
Entry-449-1028,"Cannabisthatwas purchased from ConvenienceCity, onTuesday, March 18th, 2025, testedforTetrahydrocannabinol",Flower,,,449
Entry-449-1029,(THC)content.,Unknown,,,449
of18,"LightLab3 CannabisAnalyzer. Asa result ofthetest, the purchased Cannabistestedat atot.a HC evel of18.5%THC,",Flower,,,449
Entry-450-1031,Sample 10: 25-44777 CONV CITY,Unknown,,,450
Entry-451-1033,tf;:> Total THC: 18.5%,Unknown,,,451
Entry-451-1034,THC-A: 12.6%,Flower,,,451
Entry-451-1035,A9-THC: 74%,Unknown,,,451
Entry-451-1036,•AS-THC*:,Unknown,,,451
O 51,O 51 102 153204 255306357408459510,Cartridge,,,451
Entry-452-1037,THC:CBD Ratio,Unknown,,,452
Entry-452-1038,High THC Sample,Unknown,,,452
Entry-452-1040,Total THC: 18 5%,Unknown,,,452
O 51,O 51 102153204255306357408459510,Cartridge,,,452
Entry-453-1041,THC:CBD Ratio,Unknown,,,453
Entry-454-1043,"On May 2l5t, 2025, Detective Armiger coordinated an undercover buy of Cannabis from Convenience City",Flower,,,454
Entry-454-1044,"containing three pre-rolled cannabiscigarettes, two ""ZOUR STASH"" pre-rolled cannabiscigarettes, and one",Flower,,,454
Entry-454-1045,"""MUFFINS"" pre-rolled cannabis cigarette. Detective Phippsthen exited the store and leftthe area.",Flower,,and leftthe area,454
Entry-454-1046,"Det. Phipps then tookthe Suspected Cannabis backtothe Harford County DrugTask Force Office,where",Flower,,,454
MD 21921,"Supplement/6 Pre-Rolled CannabisCigarettes 243 South Bridge St., Elkton, MD 21921",Flower,,,454
EV-25,"2 Two ""ZourStash"" Pre-RolledCigarettes Containing Suspected Cannabis EV-25-2447",Flower,,,455
EV-25,"3 One ""Muffins"" Pre-Rolled Cannabis CigaretteContainingSuspected Cannabis EV-25-2448",Flower,,,455
Entry-455-1047,CheckforCOS: 0CDS Possession E] CDSPWIDOUnknown 05/21/25 Harford G,Ambiguous,,,455
Entry-455-1048,Suspect O Juvenile O Unknown DOB: FBI#: SID#:,Ambiguous,,,455
Entry-455-1049,Victim O Unknown DOB:,Ambiguous,,,455
Entry-455-1050,"1 One""STIIZY""JarContainingThreePre-Rolled CigarettesContainingSuspected CannabisEV-25-2446",Flower,,,455
Entry-455-1053,"statedlnessentiallythesameconditionaswhenreceived,exceptthatmaterialorportionconsumedintheanalysisattheForensicSciencesDivision.",Ambiguous,,,455
Entry-456-1054,"grams), Psilocybin Chocolate Edible, Psilocybin L\ ft.",Edible,,,456
Entry-456-1055,gumrnies and Fizzy Peach Infused Delta-9-TlIC,Edible,,,456
Entry-456-1057,"Harford and Cecil County, Maryland selling unregulated cannabis. Further investigation was requested resulting",Flower,,,456
Entry-456-1058,in Detective Armigerofthe Harford County Sheriff's Office DrugTask Force to begin a controlled dangerous,Preroll,,,456
Entry-456-1059,substance (hereinafter CDS). Through investigation it was learned these businesses were owned by the same,Ambiguous,,,456
Entry-456-1060,purchasingcannabis and psylocibin (shrooms) from the business. DetectiveTesterman was working in an,Flower,,,456
Entry-456-1061,"AssistingDetective Testerman with this controlled purchase was Sergent Sives, who remained in the covert",Preroll,,,456
I39,drink - $I39.00 ?OM? \? - C . ; • ?? 0\ (L,Edible,,,456
Entry-457-1062,"Detective Testerman inquiredwithUM#1 ifthey currently badany ""looseflower"", common terminology utilized",Flower,,,457
Entry-457-1063,"forcannabisnotpre-packaged. UM #1 gestured DetectiveTestermanto a glassdisplay case, whichcontained",Flower,,,457
Entry-457-1065,"graphicdesigns/cartoons. DetectiveTesterman also inquiredwithUM #1 ifthey had any ""Polkadot"" (branding",Cartridge,,,457
Entry-457-1066,"name foredible chocolatebarscontaining psilocybin), to which heagain gestured him to a glass display case",Edible,,,457
Entry-457-1068,"Detective Testerman hehad something ""stronger"" than ""Polkadot""referringto thepotency ofthe edible.",Edible,,,457
Entry-457-1069,"continued overthetwo (2) products. Detective Testermanselected one (1) ofthe""Poladot""psilocybinchocolate",Edible,,,457
Entry-457-1070,"barsand one (1)ofthe ""Polaroid X Devour"" psilocybin gummies.",Edible,,,457
Entry-457-1071,"preparing to checkout, UM #1 told Detective Testermanhealso had aTHC (Tetrahydrocannabinol) drink.",Edible,,,457
Entry-457-1072,"Detective Testerman requested UM#1 to showhim the THC drink,to which heobliged this request. Detective",Edible,,,457
Entry-457-1073,"Delta-9-THC. Detective Testerman knowsDelta-9-THC islegal in the State ofMaryland, however similar",Unknown,,,457
Entry-457-1074,DetectiveTesterman determined hewould also purchase the drink in conjunctionwiththe other,Edible,,,457
Entry-457-1076,"store andreturned to the covertvehicle leaving the area. Detective Testerman transportedthe suspected cannabis,",Flower,,andreturned to the covertvehic,457
s,various cannabisrelated items alreadypackedinto eighths(3.5 grams). It should be noted thatDetective,Flower,3.5,,457
sand,containingvariouscannabisitemsand suspectedpsilocybin (shrooms) edible chocolate bars. UM #1 informed,Flower,,msand suspectedpsilocybin,457
swere,"ediblechocolate bar ofpsilocybin (sbrooms), mushroomgummies and THC drink. These itemswere placed",Edible,,,457
Entry-458-1077,"psilocybin (shrooms)edibles ano 1 'HC drinkto asecurelocation. Uponan.val atthe securelocation, Detective",Edible,,,458
Entry-458-1078,Testerman beganprocessingthe suspectedCDS.,Ambiguous,,,458
Entry-458-1079,gummies andpsylocibin chocolate was recorded onanMSP Form#67 and submitted to the CDS Vault to be sent,Edible,,,458
Entry-458-1080,"out foranalysis. The Fizzy Peach Bliss Infused Seltzer Drink, and the black shoppingbag was placedonproperty",Edible,,,458
Entry-459-1081,CDS Property Sheetwith Fizzy PeachBlissInfused Seltzer Drink,Edible,,,459
Entry-460-1082,Check forCDS: ? COS Possession El CDS PWIDO Unknown 05/29/25 Harford G,Ambiguous,,,460
Entry-460-1083,Suspect O Juvenile 0 Unknown DOB: FBI#: SID#:,Ambiguous,,,460
Entry-460-1084,Victim O Unknown DOB:,Ambiguous,,,460
Entry-460-1085,"leafy substance of suspected Cannabis, a schedule I contr.olled dangerous substance.",Flower,,,460
Entry-460-1086,"leafysubstance ofsuspected Cannabis, a schedule I controlled dangerous substance.",Flower,,,460
Entry-460-1087,"containing suspected Psilocybin, a schedule I controlled dangerous substance.",Preroll,,,460
Entry-460-1088,"containing 4 grams of suspected Psilocybin, a schedule I controlled dangerous",Preroll,4.0,,460
Entry-460-1089,"substance. d'S""g?",Ambiguous,,,460
Entry-460-1090,"statedinessentiallythesameconditionaswhenreceived,exceptthatmaterialorportionconsumedinlheanalysisattl1eForensicSciencesDivision.",Ambiguous,,,460
Entry-460-1091,1. Unknown - 05/29/25 0953 13.,Ambiguous,,,460
Al60,Unknown Armiaer Al60,Ambiguous,,,461
Entry-461-1092,Controlled Danserous Substances CDS,Preroll,,,461
Entry-461-1094,"hem Qr, Suptrvisor Des1il'a!esuspectedCOStypeandp,ckag,ng Esnmated",Ambiguous,,,461
Entry-461-1095,One(I) FizzyBlissInfused Seltzer30mgDelta-9,Edible,,,461
Entry-462-1096,Controlled Dangerous Substances CDS,Preroll,,,462
Entry-462-1097,l I Unknown 16,Ambiguous,,,462
Entry-463-1098,Unknown,Ambiguous,,,463
Entry-464-1099,t I unknown 16,Ambiguous,,,464
Entry-465-1100,Bribery ChildAbuse(First/Second Degree) DealinginControlledDangerousSubstances(including,Preroll,,,465
Entry-466-1101,Supplement /UCBuy3.Sgrams ofCannabis,Flower,,,466
Entry-466-1102,undercovercapacity wherehewas taskedwith conducting anundercoverpurchase ofcannabisfrom an,Flower,,,466
Entry-466-1103,"commonly used for cigarillo) and flower(a slang termcommonlyusedfor Cannabis),"". The clerkretrieved apack",Flower,,,466
Entry-466-1104,ofcannabisfrom behind the counter. Thisbagwasasealed zip lock designer style bag withamulti-colored,Flower,,,466
Entry-466-1105,"geometricshapes, containing approximately 3.5 grams ofCannabis. Detective Scroggins paid forthecigarillo's",Flower,3.5,,466
Entry-466-1106,andthe 3.5 grams ofcannabis.,Flower,3.5,,466
Entry-467-1107,"Afterthesale, Detective Scroggins returned to his covertvehicleana eventually transportedthe Cannabis",Flower,,,467
Entry-468-1108,e on t roIl e dD ani?erous s u b s t anees CDS,Concentrate,,,468
Entry-469-1109,Controlled Dan erous Substances CDS,Preroll,,,469
Entry-472-1110,"Harford and Cecil County, Maryland sellingunregulatedcannabis. Furtherinvestigationwas requestedresulting",Flower,,,472
Entry-472-1111,in DetectiveArmiger ofthe HarfordCounty Sheriffs Office DrugTask Forceto begin acontrolled dangerous,Preroll,,,472
Entry-472-1112,substance (hereinafter CDS). Through investigation it waslearned these businesses,Ambiguous,,,472
Entry-473-1113,Cannabis Joints/ On County Sandruck Testerman,Flower,,,473
H7732,TetrahydrocannabinolCarts H7732,Cartridge,,,473
Entry-474-1115,"5 Misc. THC/Psilocybh, Counter Masre»Trooper Detective",Unknown,,,474
Entry-474-1119,9 BulkCannabis Closet - Behind Detective Detective,Flower,,,474
Entry-474-1120,11 Misc. THC/Psilocybin Display Wall - Master Trooper Detective,Unknown,,,474
Entry-474-1121,(Mushrooms) Gummies Behind Counter Dowling #5632/ Testerman,Edible,,,474
s,6 Misc. THC Items Counter Trooper First Detective,Unknown,,,474
s,7 Misc. THC Items Counter Detective Detective,Unknown,,,474
s,8 Misc. THC Items Cabinet Corporal Detective,Unknown,,,474
Entry-475-1122,13 Misc.THC/Psilocybin Closet Behind CorporalSutton Detective,Unknown,,,475
Entry-475-1123,(Mushrooms) Bars/Pre-Rolled Counter #0472 CCDTF Testerman,Preroll,,,475
Entry-475-1124,CannabisJoints,Flower,,,475
Entry-475-1125,14 Misc. THC Hall Closet / Detective Detective,Unknown,,,475
Entry-475-1126,organization (DTO) involved inthe distributionoflargequantities ofhigh-grade Cannabis/Psilocybin.,Flower,,,475
Entry-475-1127,"begunthis investigation, hehas utilized undercoverofficers to conductcontrolled purchases ofCannabis /",Flower,,,475
Entry-475-1128,"purchased Cannabis in various formsto include pre-rolledjoints, loose cannabisflower, pre-packaged eighths",Flower,,,475
Entry-475-1129,"(3.5 grams)Icontainers, THC vapecartridges etc. UndercoverOfficers also purchased Psilocybin (mushrooms)in",Cartridge,3.5,,475
Entry-475-1130,"various forms to include edible Belgian chocolate bars andgummies. During theseencounters, undercover",Edible,,,475
at 1215,"assistancefrom the Alcohol Tobacco and Cannabis Commission (hereinafter ATCC), located at 1215 EastFort",Flower,,,475
Entry-476-1132,"Avenue Suite 300, Baltimore, Mary.and, 21230 in reference to conducting aueld test ofthe suspected cannabis",Flower,,,476
Entry-476-1133,THC. The total level ofTHCpurchasedfromthese locations was found to be higherthan the limitpermitted by,Unknown,,s was found to be higherthan t,476
Entry-476-1135,"hasfound throughvarious investigations into similarestablishments, thatwhencannabis is orderedin bulk/ it is",Flower,,,476
Entry-476-1136,ofcannabis.,Flower,,,476
Entry-476-1137,"Additionally, drugdistributorsespecially thoseinvolved in thedistribution oflarge quantities ofcannabis",Flower,,,476
Entry-476-1138,will repackage cannabis in these style bags to allowtheirproduct to takeonits own unique identityand give the,Flower,,,476
s,"Duringthe search warrant, investigators foundvarious items ofevidentiary valueto includebulkcannabis",Flower,,,476
Entry-477-1139,"""DisplayCasewith Cannabis* *DisplayCase withTHC CartsIPsílocybin* *Wall DisplayPsilocybinGummies*",Flower,,,477
Entry-477-1140,"investigators learnedthey obtained their Cannabis, THC andpsylocibin",Flower,,,477
Entry-477-1141,"HempDistributor, Demand Vape and Cookies. Another subject",Cartridge,,,477
Entry-477-1142,"described byMEHMOOD was a subjectknown as the""Flower Guy"", a",Flower,,,477
Entry-477-1143,"distributor from Pennsylvania. The ""FlowerGuy"" would deliver directly",Flower,,,477
Entry-477-1144,"to thestore with cannabis packagedin the large, heat-sealed bags. Once",Flower,,with cannabis packagedin the l,477
Entry-478-1145,"cannabisfor$119.00. The owner e,,. che business was identified as the Rahm ,·amily. The owner/softhe location",Flower,,,478
Entry-478-1146,the THC percentages as being within range. RANA had onlymetthe ownerofthe businessone time since being,Unknown,,,478
Entry-478-1147,employed. RANA confirmed the storehad only recently begunselling ounces ofcannabis for$119.00 about 3,Flower,,had only recently begunselling,478
Entry-478-1148,Misc. THC Carts,Cartridge,,,478
Entry-478-1149,Psylocibin (Shrooms) Edibles/Gummies,Edible,,,478
Entry-478-1150,DABS,Concentrate,,,478
Entry-478-1151,Pre-Rolled MarijuanaJoint,Flower,,,478
Entry-478-1152,Pre-Packaged Marijuana,Flower,,,478
Entry-479-1153,THC Edibles/Gummies,Edible,,,479
Entry-479-1154,Sampleswere takenfrom eachrespectiveportionofseized CDS. ThesamplesofCDS were recorded on,Unknown,,,479
EV-25,"3 bag containing three samples of THC Dabs EV-25- 307:?:,",Concentrate,,,486
Entry-486-1155,CheckforCDS: 0 CDS Possession 0 CDS PWIDO Unknown 05/29/2025 Harford G,Ambiguous,,,486
Entry-486-1156,Suspect O Juvenile O Unknown DOB: 06/12/1959 FBI#: · SID#:,Ambiguous,,,486
Entry-486-1157,Victim O Unknown DOB:,Ambiguous,,,486
Entry-486-1159,2 bag containing threesamples ofsuspected Psylocibin (Shrooms) Edibles/GummiesfV•l.5 .. )0J.,Edible,,,486
Entry-486-1162,5 bag containing three samples of Pre-Packaged Cannabis EV?7_<; ß07S,Flower,,,486
Entry-486-1163,6 bag containing three samples of Loose Cannabis ç:v.- ?Pi'- ?n 7/o,Flower,,,486
Entry-486-1164,"7 bag containing three samples THC Edibles/ Gummies r;.v,J2. t:;,.,?7,,()77",Edible,,,486
Entry-486-1165,"statedinessentiallythesameconditionaswhenreceved,exceptthatmaterialorportionconsumedintheanalystsatmeForensicSciencesDivrsion,",Ambiguous,,,486
fV 25,4 bag containing three samples of Cannabis Joints fV 25- ?n71.J,Flower,,,486
w11,1 bag containing three samples ofsuspected THC CartridgesEv42s?w11,Cartridge,,,486
Qty,Item Qty Supcmsor DesignatesuspectedCDStypeandpackaging. Estimated,Ambiguous,,,488
Entry-490-1167,!! No Type(s)ofCDS?Marijuana 0 Female A,Flower,,,490
Entry-492-1168,? No Type(s)oíCDS? Marijuana OFemale,Flower,,,492
Entry-494-1169,iii No 'fype(s)orCDS? Marijuana OFemale,Flower,,,494
Entry-496-1170,"Distribution,PossessionwithIntenttoDistribute, andPossessionof aControlled Dangerous Substances",Preroll,,,496
Entry-496-1171,"Controlled Dangerous Substances, including narcotics, hallucinogens, and other dangerous drugs arc",Preroll,,,496
Entry-497-1172,"operation of controlled dangerous substances violations, found in or upon said premises and",Preroll,,,497
Entry-497-1173,"person(s) in close proximity to contraband, controlled dangerous substances or controlled",Preroll,,,497
Entry-497-1174,controlled dangeroussubstance violations and answeringmachineandansweringmachinetapes;,Preroll,,,497
Entry-497-1175,from violations ofthecontrolleddangeroussubstanceslaws;,Preroll,,,497
Entry-498-1176,"Harford and Cecil County, Maryland sellingunregulated cannabis. Further investigation was requested resulting",Flower,,,498
Entry-498-1177,inDetectiveArmiger ofthe Harford County Sheriff's Office Drug TaskForce to beginacontrolled dangerous,Preroll,,,498
Entry-498-1178,substance (hereinafter CDS). Through investigation it was learnedthese businesses wereowned by the same,Ambiguous,,,498
Entry-499-1179,Cannabis Joints / On County Sandruck Testerman,Flower,,,499
Entry-500-1184,9 BulkCannabis Closet Behind Detective Detective,Flower,,,500
Entry-500-1185,(Mushrooms) Gummies Behind Counter Dowling #5632 / Testerman,Edible,,,500
s,6 Misc. THC Items Counter TrooperFirst Detective,Unknown,,,500
Entry-501-1186,13 Misc. THC/Psilocybin Closet - Behind Corporal Sutton Detective,Unknown,,,501
Entry-501-1187,(Mushrooms) Bars/Pre-Rolled Counter #0472 CCDTF Testerman,Preroll,,,501
Entry-501-1188,Cannabis Joints,Flower,,,501
Entry-501-1189,14 Misc. THC Hall Closet/ Detective Detective,Unknown,,,501
Entry-501-1190,organization (DTO) involved inthedistributionoflarge quantitiesofhigh-grade Cannabis/Psilocybin.,Flower,,,501
Entry-501-1191,Detective Testerman furtherknowsthat the State ofMaryland is atotal THC state. Since Detective Armigerhas,Unknown,,,501
Entry-501-1192,"begunthis investigation, hehas utilizedundercover officers to conduct controlled purchases ofCannabis/",Flower,,,501
Entry-501-1193,"purchased Cannabis invarious forms to includepre-rolledjoints, loose cannabis flower, pre-packaged eighths",Flower,,,501
Entry-501-1194,"(3.5 grams)/containers, THC vape cartridges etc. UndercoverOfficers also purchasedPsilocybin (mushrooms) in",Cartridge,3.5,,501
Entry-501-1195,"various formsto include edibleBelgian chocolate bars and gummies. During these encounters, undercover",Edible,,,501
at 1215,"assistance fromthe Alcohol Tobacco and Cannabis Commission (hereinafterATCC), located at 1215 EastFort",Flower,,,501
Entry-502-1197,"Avenue Suite 300, Baltimore, Maryland, 21230 inreference to conducting afieldtestofthe suspected cannabis",Flower,,,502
Entry-502-1198,THC. Thetotal level ofTHC purchased fromthese locations was found to be higherthan the limitpermitted by,Unknown,,s was found to be higherthan t,502
Entry-502-1200,"has foundthrough various investigations into similarestablishments, thatwhen cannabis is ordered in bulk/it is",Flower,,,502
Entry-502-1201,ofcannabis.,Flower,,,502
Entry-502-1202,"Additionally, drug distributors especially those involved inthedistribution oflarge quantitiesofcannabis",Flower,,,502
Entry-502-1203,will repackage cannabisin these style bagsto allowtheirproduct to take on its own unique identity and give the,Flower,,,502
s,"During the search warrant, investigators found various items ofevidentiary valueto include bulkcannabis",Flower,,,502
Entry-503-1204,*Display Casewith Cannabis* *Display CasewithTHC Carts/Psilocybin* *Wall Display Psilocybin Gummies*,Flower,,,503
Entry-503-1205,"investigators learned they obtained theirCannabis, THC and psylocibin",Flower,,,503
Entry-503-1206,"HempDistributor, Demand Vape and Cookies. Another subject",Cartridge,,,503
Entry-503-1207,"described by MEHMOOD was asubject known as the ""FlowerGuy"", a",Flower,,,503
Entry-503-1208,"distributorfrom Pennsylvania. The ""Flower Guy"" would deliverdirectly",Flower,,,503
Entry-503-1209,"to the store with cannabis packaged inthe large, heat-sealed bags. Once",Flower,,with cannabis packaged inthe l,503
Entry-504-1210,cannabis for $119.00. The ownerofthe business was identifiedasthe BaharFamily. Theown.eris ofthe location,Flower,,,504
Entry-504-1211,employed. RANA confirmedthe store had only recently begun selling ounces ofcannabis for$119.00 about3,Flower,,had only recently begun sellin,504
Entry-504-1212,Misc. THC Carts,Cartridge,,,504
Entry-504-1213,Psylocibin {Shrooms) Edibles /Gummies,Edible,,,504
Entry-504-1214,DABS,Concentrate,,,504
Entry-504-1215,Pre-Rolled MariiuanaJoint,Preroll,,,504
Entry-505-1216,THC Edibles/ Gummies,Edible,,,505
Entry-506-1218,MarijuanaCigarettes.,Flower,,,506
Entry-506-1219,"On April3rd, 2025, DetectiveArmigercoordinated an undercoverbuyofCannabis fromSmokeCity utilizing",Flower,,,506
Entry-506-1220,"approximately 1141 hours, Det. Phipps entered thestore, where he purchased 3.5 grams ofCannabis Flower",Flower,3.5,,506
Entry-506-1221,"location, where Det. Phipps met with Det. Armiger, who tookcustodyofthe purchased Cannabis.",Flower,,,506
Entry-506-1222,"Det. Armigerthen tooktheSuspected Cannabis backtothe Harford County DrugTask Force Office,",Flower,,,506
MD21014,"Supplement 3.5 Grams Cannabis& 2Pre-rolled 804Conowingo Rd., BelAir, MD21014",Flower,3.5,,506
at 1215,"transportthe suspected Cannabisto the Alcohol,Tobacco, and Cannabis Commission, located at 1215 E. Fort",Flower,,,506
Entry-507-1224,Curevana THC-A FlowerWhite Runtz,Flower,,,507
Entry-507-1225,Pre-Rolled Suspected Cannabis Cigarette,Flower,,,507
Entry-508-1226,Controlled Dan Substances CDS,Preroll,,,508
EV-25,2 Two Pre-Rolled Cigarettes Containing Suspected Cannabis EV-25-1870,Flower,,,509
Entry-509-1227,CheckforCDS: 0 CDSPossession B CDSPWIDO Unknown 04/03/25 Harford G,Ambiguous,,,509
Entry-509-1228,Suspect D Juvenile D Unknown DOB: FBI#: SID#:,Ambiguous,,,509
Entry-509-1229,Victim D Unknown DOB:,Ambiguous,,,509
Entry-509-1231,"statedinessentiallythesamecondltlonaswhenreceived,exceptthatmaterialorportionronsumedintheanalyslsattheForensicSciencesDivision.",Ambiguous,,,509
Entry-510-1233,"Cannabis that waspurchasedfromSmokeCityonThursday,Afí;f 03rd,2025, testedforTetrahydrocannabinol (THC)",Flower,,,510
Entry-510-1234,"LightLab3 CannabisAnalyzer. As a result ofthetest, thepurchasedCannabistestedat ato TH eve! of8.7%THC,",Flower,,,510
Entry-510-1235,510,Cartridge,,,510
Entry-511-1236,Sample ID: 25-00044777,Unknown,,,511
Entry-512-1237,THC:CBD Ratio,Unknown,,,512
Entry-512-1238,High THC Sample,Unknown,,,512
Entry-513-1240,• Total THC: 87%,Unknown,,,513
Entry-513-1241,.THC-A: 86%,Flower,,,513
Entry-513-1242,• A9-THC: 1 2%,Unknown,,,513
Entry-513-1243,• AS-THC*: ND,Unknown,,,513
Entry-514-1245,Cannabis Cigarettes.,Flower,,,514
Entry-514-1246,"On May 14th, 2025, Detective Armiger coordinated an undercover buy of Cannabis from Smoke City",Flower,,,514
Entry-514-1247,"43.94%THCA"". Det. Phippsthen exited thestore. Det. Phippsthen leftthe area ofthestore and drove to a",Flower,,and drove to a,514
Entry-514-1248,Cannabis.,Flower,,,514
Entry-514-1249,"Det. Armigerthen tookthe Suspected Cannabis backtothe Harford County DrugTask Force Office,",Flower,,,514
MD 21014,"Supplement3.5Grams3 Pre-rolledSuspected 804ConowingoRd., Bel Air, MD 21014",Preroll,,,514
Entry-516-1250,Controlled Dan Substances CDS,Preroll,,,516
Entry-517-1251,CheckforCOS:0 CDS Possession[::) CDSPWID O Unknown 05/14/25 Harford [3,Ambiguous,,,517
Entry-517-1252,Suspect O Juveníle O Unknown DOB: FBI#: SID#:,Ambiguous,,,517
Entry-517-1253,Victim D Unknown DOB:,Ambiguous,,,517
Entry-517-1254,"1 Three ""Gold Spectrum THC Cherry Pie"" Suspected Cannabis Cigarettes",Flower,,,517
Entry-518-1255,3 Cannabis blunts,Flower,,,518
Entry-518-1256,This report is in reference to an ongoing Controlled Dangerous Substance (CDS) investigation conducted,Preroll,,,518
Entry-518-1257,purpose ofpurchasingCannabis from the store.,Flower,,,518
Entry-518-1258,"Detective Phipps was met by the clerk and informed him that he was looking for Cannabis, preferably",Flower,,,518
Entry-518-1259,"these getmehighas shit."" DetectivePhippspurchasedthreedifferenceflavorsofthepre-rolledCannabis ""blunts.""",Flower,,,518
Entry-518-1260,"DetectivePhippsspentapproximately $42 forthe totalpurchase ofthe three ""blunts.""",Preroll,,,518
Entry-518-1261,"Detective Phipps later inspected the packaging which states that each ""blunt"" contains 1.5 grams of""Top",Preroll,1.5,,518
Entry-518-1262,"shelfflower', and .5 rams of""Li uid Diamonds,""",Flower,,,518
Entry-520-1263,ThreeCannabisblunts,Flower,,,520
Entry-521-1264,Controlled Danaerous Substances CDS,Preroll,,,521
Entry-522-1265,CheckforCDS:0 CDSPossession ? CDSPWIDO Unknown 05/29/25 Harford El,Ambiguous,,,522
Entry-522-1266,Suspect OJuvenile O Unknown DOB: FBI#: SID#:,Ambiguous,,,522
Entry-522-1267,Victim O Unknown DOB:,Ambiguous,,,522
Entry-522-1268,1 Three Pre-Rolled Cigarettes Containing Suspected Cannabis,Flower,,,522
Entry-522-1269,"statedlnessentiallythesameconditionaswhenreœived,exœptthatmaterialorportionconsumedintheanalysisattheForensicSciencesDívlsion.",Ambiguous,,,522
Entry-523-1271,THC blunt window,Preroll,,,523
S1158,5 Pinkcontainerw/rolled Behindthe counterbyfront Smith#S1158,Preroll,,,523
s,6 THC items Backcounter byT-shirts Kadolph #B154,Unknown,,,523
Entry-529-1274,Pre rolled THC cigarettes: 373.5,Preroll,,,529
Entry-529-1275,Cannabis (flower): 613.5,Flower,,,529
Entry-529-1276,DABS (concentrated oil cannabis): 56 grams,Flower,56.0,,529
Entry-529-1277,THC vapes/carts: 767,Cartridge,,,529
Entry-529-1278,THC Gummies: 345.9,Edible,,,529
S,TOTAL WEIGHTS OF THC/PSJLOCYBIN ITEMS:,Unknown,,,529
s,All items were properly packaged and placed into property. Samples of the suspected TIIC items and,Ambiguous,,,530
Entry-539-1280,CheckforCDS:?CDSPossessiona CDSPWIDOUnknown 05/29/2025 Harford B,Ambiguous,,,539
Entry-539-1281,Suspect OJuvenile OUnknown DOB: 06/12/1959 FBI#: SID#:,Ambiguous,,,539
Entry-539-1282,Victim O Unknown DOB:,Ambiguous,,,539
Entry-539-1283,Drua Chemistrv THC percentage,Unknown,,,539
Entry-539-1284,1 bag containing two samplecontainers of suspectedTHC flower,Flower,,,539
Entry-539-1285,2 bag containing two sample hypridstlllzypre rolled the,Preroll,,,539
Entry-539-1287,4 bag containing two sample Hash Hole pre rolled the ',Concentrate,,,539
Entry-539-1288,5 bag containing two sample THC dabs,Concentrate,,,539
Entry-539-1290,"statedlnessentiallythesameconditionaswhenreceived,exceptthatmaterial°'portionconsumedlntheana1ys1SatthefOrensicSciencesDivision.",Ambiguous,,,539
cun01,3 bag containing two sample cookie berry pre rolled the FV 1 cun01,Edible,,,539
is,*Each item is a samplefrom a large batch ofthe respectíve item,Unknown,,,539
Entry-540-1291,CheckforCOS:Œ:ICDSPossessionO CDSPWIDO Unknown 05/29/2025 Harford [:),Ambiguous,,,540
Entry-540-1292,Suspect OJuvenile OUnknown DOB: nia FBI#: SID#:,Ambiguous,,,540
Entry-540-1293,Victim O Unknown DOB:,Ambiguous,,,540
Entry-540-1294,Drug Chemistry THC percentaqe,Unknown,,,540
Entry-540-1295,1 bag containing three samples of suspected psilocybin,Ambiguous,,,540
Entry-540-1296,2 bag containingthree samplesthegummies ñ/ I Q111f',Edible,,,540
Entry-540-1297,"3 bag containingthree samplesthe cartridge ""'""""",Cartridge,,,540
is,*Each item is asample from a large batch of the respectiveitem,Unknown,,,540
Entry-541-1299,? No Type(s)ofCDS? Marijuana OFemale A,Flower,,,541
Entry-543-1300,!! No Type(s)ofCDS?Marijuana O Female,Flower,,,543
Entry-545-1301,iii No Type(s)ofCDS? Marijuana O Female,Flower,,,545
Entry-547-1302,? No Type(s)ofCDS? Marijuana O Female,Flower,,,547
Entry-549-1303,"Distribution, PossessionwithIntenttoDistribute, andPossession of aControlledDangerous Substances",Preroll,,,549
Entry-549-1304,"Controlled Dangerous Substances, including narcotics, hallucinogens, and other dangerous drugs",Preroll,,,549
Entry-550-1305,"operation of controlled dangerous substances violations, found in or upon said premises and",Preroll,,,550
Entry-550-1306,"person(s) in close proximity to contraband, controlled dangerous substances or controlled",Preroll,,,550
Entry-550-1307,controlled dangerous substance violationsandansweringmachineandansweringmachinetapes;,Preroll,,,550
Entry-550-1308,from violations ofthecontrolled dangeroussubstances laws;,Preroll,,,550
Entry-551-1310,THC blunt window,Preroll,,,551
S1158,5 Pink containerw/rolled Behindthe counterby front Smith#S1158,Preroll,,,551
s,6 THC items Backcounterby T-shirts Kadolph#B154,Unknown,,,551
Entry-557-1313,Pre rolled THC cigarettes: 373.5,Preroll,,,557
Entry-557-1314,Cannabis (flower): 613.5,Flower,,,557
Entry-557-1315,DABS (concentrated oil cannabis): 56 grams,Flower,56.0,,557
Entry-557-1316,THC vapes/carts: 767,Cartridge,,,557
Entry-557-1317,THC Gummies: 345.9,Edible,,,557
S,TOTAL WEIGHTS OF THC/PSILOCYBIN ITEMS:,Unknown,,,557
Entry-559-1319,CheckforCDS: 0 CDSPossession?CDSPWIDO Unknown 05/29/2025 Harford El,Ambiguous,,,559
Entry-559-1320,Suspect O Juvenile O Unknown DOB: 06/12/1959 FBI#: SID#:,Ambiguous,,,559
Entry-559-1321,Victim O Unknown DOB:,Ambiguous,,,559
Entry-559-1322,1 bag containing three samples ofsuspected psilocybin,Ambiguous,,,559
Entry-559-1323,"statedinessentiallythesamecoroitionaswhenreceived,exceptthatmaterialorportionconsumedintheanalysisattheForensicSdenœsDivision.",Ambiguous,,,559
Entry-560-1324,CheckforCDS: ? CDSPossessionO CDSPWIDO Unknown 05/29/2025 Harford E),Ambiguous,,,560
Entry-560-1325,Suspect O Juvenile O Unknown DOB: n/a FBI#: SID#:,Ambiguous,,,560
Entry-560-1326,Victim D Unknown DOB:,Ambiguous,,,560
Entry-560-1327,Drug Chemistry THC percentage,Unknown,,,560
Entry-560-1328,1 bag containing three samples ofsuspected psilocybin,Ambiguous,,,560
Entry-560-1329,2 bag containing three samples the gummies,Edible,,,560
Entry-560-1330,3 bag containing three samples the cartridge,Cartridge,,,560
Entry-560-1332,"statedinessentiallythesameconditionaswhenreceived,exœptthatmaterialorportionconsumedlntheanalysisattheForenseSciencesDivision.",Ambiguous,,,560
is,*Each item is a sample from a large batch ofthe respective item,Unknown,,,560
Entry-561-1333,CheckforCDS: ? CDSPossession?CDSPWID O Unknown 05/29/2025 Harford [:),Ambiguous,,,561
Entry-561-1334,Suspect O Juvenile O Unknown DOB: 06/12/1959 FBI#: SID#:,Ambiguous,,,561
Entry-561-1335,Victim O Unknown DOB:,Ambiguous,,,561
Entry-561-1336,1 bag containing three samples the cartridge,Cartridge,,,561
Entry-561-1337,"statedinessentiallythesameconditkrlaswhenreœiVed,exceptthatmaterialorportionconsumedintheanalysisattheForensicSciencesDivision.",Ambiguous,,,561
Entry-562-1338,CheckforCOS:? CDSPossession0 CDSPWID O Unknown 05/29/2025 Harford,Ambiguous,,,562
Entry-562-1339,Suspect O Juvenile O Unknown DOB: 06/12/1959 FBI#: SID#:,Ambiguous,,,562
Entry-562-1340,Victim O Unknown DOB:,Ambiguous,,,562
Entry-562-1341,1 bag containing two sample containers ofsuspectedTHC flower,Flower,,,562
Entry-562-1342,2 bag containing two sample hyprid stlllzy pre rolled the,Preroll,,,562
Entry-562-1343,3 bag containing two sample cookie berry pre rolled the,Edible,,,562
Entry-562-1344,4 bag containing two sample Hash Hole pre rolled the,Concentrate,,,562
Entry-562-1345,5 bag containing two sample THC dabs,Concentrate,,,562
Entry-562-1346,"statedlnessentiallythesameconditionaswhenreœived,exœptthatmaterialorportionconsumedlntheanalysisattheForensic:SciencesOívislon.",Ambiguous,,,562
Entry-563-1347,CheckforCDS: B CDSPossesslonP]CDS PWIDO Unknown 05/29/2025 Harford [3,Ambiguous,,,563
Entry-563-1348,Suspect O Juvenile O Unknown DOB: 06/12/1959 FBI#: SID#:,Ambiguous,,,563
Entry-563-1349,Victim O Unknown DOB:,Ambiguous,,,563
Entry-563-1350,1 bag containing three samples the gummies,Edible,,,563
Entry-563-1351,"statedlnessentiallytilesameconditionaswhenreceived,exœptthatmaterialorportionconsumedintheanalysisattheForensicSciencesDivision.",Ambiguous,,,563
Entry-564-1352,"hem Qty Supervisor DesignatesuspectedCDStypeandpackaging, Estimated",Ambiguous,,,564
Entry-564-1353,"Psilocybin Mushrooms (Vape, Chocolate barandgum,nies)",Cartridge,,,564
Entry-565-1354,Controlled Dan erous Substances CDS,Preroll,,,565
Entry-566-1356,THC Gummies invariouspackaginglocated in box,Edible,,,566
Qty,Item Qty Supervisor DesignatesuspectedCDStypeandpackaging. Estimalcd,Ambiguous,,,566
Entry-567-1357,Controlled Dan erous Substances CDS,Preroll,,,567
Entry-568-1358,original boxsomepre rollswere inlocated in box,Preroll,,,568
Entry-570-1360,tHCcarts,Cartridge,,,570
Qty,"Item Qty Su¡,avisor DesignatesuspectedCOSiypeandpackaging. Estimated",Ambiguous,,,570
Entry-571-1361,Controlled Dan Substances CDS,Preroll,,,571
Entry-573-1362,NameUnknown : D Juvenile: D,Ambiguous,,,573
Entry-573-1363,NameUnknown : @ Juvenile: D,Ambiguous,,,573
Entry-574-1364,"Description : PSILOCYBIN MUSHROOMS (VAPE,CHOCOLATE BARAND GUMMIES)LOCATED INABROWN BAG",Cartridge,,,574
Entry-575-1365,"Brand: THCGUMMIES Disposition : HELD, EVIDENCE",Edible,,,575
Entry-576-1366,Brand: THCCARTS Disposition :,Cartridge,,,576
Entry-576-1367,Description : SAMPLETHC CARTS (3),Cartridge,,,576
Entry-576-1368,SAMPLETHC GUMMIES (3),Edible,,,576
Entry-576-1369,SAMPLE PSILOCYBIN MUSHROOMS (3),Unknown,,,576
Entry-576-1370,"Brand: SAMPLES Disposition : HELD, EVIDENCE",Unknown,,,576
Entry-576-1371,Description : TWOSAMPLETHC FLOWERCONTAINERS,Flower,,,576
Entry-576-1372,TWOSAMPLEPRE ROLLED HYBRIDSTll2Y,Preroll,,,576
Entry-576-1373,TWOSAMPLEPRE ROLLED COOKIEBERRY,Edible,,,576
Entry-576-1374,TWOSAMPLEPRE ROLL HASH HOLE,Concentrate,,,576
Entry-576-1375,TWOSAMPLETHC DBS,Unknown,,,576
Entry-577-1376,"Description : PSILOCYBIN MUSHROOMS (VAPE,CHOCOLATE BARAND GUMMIES)LOCATED INA BROWN BAG I",Cartridge,,,577
Entry-578-1377,Description : SAMPLETHC CARTS (3) I,Cartridge,,,578
Entry-581-1378,Controlled Danzerous Substances CDS,Preroll,,,581
Entry-581-1379,THC Gummiesin various packaging located in box,Edible,,,581
Entry-582-1380,Controlled Danzerous Substances CDS,Preroll,,,582
Entry-583-1381,original box some pre rollswere in located in box,Preroll,,,583
Entry-585-1382,Controlled Danzerous Substances CDS,Preroll,,,585
Entry-586-1383,Controlled Danzerous Substances CDS,Preroll,,,586
Entry-587-1384,CheckforCDS: E:) CDSPossessionE:)CDS PWIDO Unknown 05/29/2025 Harford B,Ambiguous,,,587
Entry-587-1385,Suspect O Juvenile D Unknown DOB: 06/12/1959 FBI#: SID#:,Ambiguous,,,587
Entry-587-1386,Victim O Unknown DOB:,Ambiguous,,,587
Entry-587-1387,1 bag containing two sample containers of suspected THC flower,Flower,,,587
Entry-587-1388,2 bag containing two sample hyprid stlllzy pre rolled the,Preroll,,,587
Entry-587-1389,3 bag containing two sample cookie berry pre rolled the AJ 1JU.00\,Edible,,,587
Entry-587-1390,4 bag containing two sample Hash Hole pre rolled the,Concentrate,,,587
Entry-587-1391,5 bag containing two sample THC dabs,Concentrate,,,587
is,*Each item is asamplefrom a large batchofthe respectiveitem,Unknown,,,587
Entry-588-1393,CheckforCDS: ? CDSPossessionO CDSPWIDO Unknown 05/29/2025 Harford B,Ambiguous,,,588
Entry-588-1394,Suspect OJuvenile O Unknown DOB: n/a FBI#: SID#:,Ambiguous,,,588
Entry-588-1395,Victim O Unknown DOB:,Ambiguous,,,588
Entry-588-1396,Drug Chemistry THC percentage,Unknown,,,588
Entry-588-1397,1 bag containing three samples ofsuspected psilocybin,Ambiguous,,,588
Entry-588-1398,2 bag containing three samples the gummies rv 1 lt Inf,Edible,,,588
Entry-588-1399,3 bag containing three samples the cartridge,Cartridge,,,588
Entry-588-1401,"!;tatedinessentiallythesameconditionaswhenreceived,exceptthatmaterialorportionconsumedlntheanalysisattheForensicSciencesDivision.",Ambiguous,,,588
Entry-589-1403,"On April 7th, 2025, Detective Armiger co-ordinated an undercover buy ofCannabis from Smoke Star ,Inc.",Flower,,,589
Entry-589-1404,"they metwith Det. Armiger, who tookcustodyofthe purchased Cannabis.",Flower,,,589
Entry-589-1405,"Det. Armigerthen tooktheCannabis backto the Harford County DrugTask Force Office, where itwas",Flower,,,589
MD 21001,"Supplement2X 3.5Grams Cannabis(\O.fl-- 3726 Churchville Rd., Suite F, Aberdeen, MD 21001",Flower,3.5,,589
at 1215,"suspected Cannabis to the Alcohol, Tobacco, and Cannabis Commission, located at 1215 E. Fort Ave. #300,",Flower,,,589
Entry-590-1408,"Cannabisthatwas purchasedfromSmoke StaronThursday,April 03rd, 2025, testedforTetrahydrocannabinol (THC)",Flower,,,590
Entry-590-1409,"DetectiveArmigermetwith Agent Mangold, who wouldconduct thetest. Thecannabiswastestedutilizingthe",Flower,,,590
Entry-590-1410,"LightLab 3 CannabisAnalyzer. Asa result ofthe ? test, thepurchased Cannabistestedat atot THJ levelof 22.7%THC,",Flower,,,590
at 1215,"Tobacco, and CannabisCommission, located at 1215 East FortAvenue#300, Baltimore, MD 21230, inorderto have the",Flower,,,590
Entry-591-1411,Sample ID: 24-00044777,Unknown,,,591
Entry-592-1412,THC:CBD Ratio,Unknown,,,592
Entry-593-1414,• Total THC: 22.7%,Unknown,,,593
Entry-593-1415,• THC-A: 22 5%,Flower,,,593
Entry-593-1416,• 119-THC: 2 9%,Unknown,,,593
Entry-593-1417,.AB-THC': ND,Unknown,,,593
Entry-594-1418,"Bribery ChildAbuse(First/Second Degree) Dealing,nControlledDangerousSu6siâñfi?s""(m· ding",Preroll,,,594
EV-25,1 Tan & ClearBag Containing a Green Leafy Substance EV-25-1863,Ambiguous,,,595
Entry-595-1419,CheckforCDS: 0 CDS PossessionI=:] CDSPWIDO Unknown 04/03/25 Harford B,Ambiguous,,,595
Entry-595-1420,Suspect OJuvenile O Unknown DOB: FBI#: SID#:,Ambiguous,,,595
Entry-595-1421,Victim D Unknown DOB:,Ambiguous,,,595
Entry-595-1423,"statedlnessentiallythesamerondltlonaswhenreceived,exceptthatmaterialorportionconsimedintheanalysisattheForensicSciencesDMsion.",Ambiguous,,,595
Entry-596-1424,Tan & ClearBag Containing Suspected Cannabis,Flower,,,596
Entry-596-1425,2 1 Susoected Cannabis OYes OVes,Flower,,,596
Entry-597-1426,Controlled Dan Substances CDS,Preroll,,,597
Entry-598-1428,Mushroom Gummies,Edible,,,598
Entry-598-1429,"On May 14th, 2025, Detective Armiger coordinated an undercover buy of Cannabis from Smoke Star",Flower,,,598
MD 21001,"Supplement 3.5 GramsCannabis/One Package (8) 3726Churchville Rd., Aberdeen, MD 21001",Flower,,,598
Entry-599-1430,Bribery ChildAbuse(First/Second Degree) DealinginControlledDangerousSubstances(incu,Preroll,,,599
Entry-600-1431,CheckforCDS: 0 CDSPossessíon 0 CDS PWIDO Unknown 05/14/25 Harford 13,Ambiguous,,,600
Entry-600-1432,Suspect O Juvenile O Unknown DOB: FBI#: SID#:,Ambiguous,,,600
Entry-600-1433,Victim O Unknown DOB:,Ambiguous,,,600
Entry-600-1434,"statedinessentiallythesameconditionaswhenreœived,exœptthatmaterialorportionconsumedintheanalysisattheForensicSciencesDivision.",Ambiguous,,,600
Entry-601-1435,e ontroIl e d D an:?erous s u b s tanees - CDS,Concentrate,,,601
Entry-601-1437,"1 1 .... ""Gelato 42 H}'.brid"" containing susoected Cannabis $30 E Œ O !N V o es O Œ!N Y o es -?------·-- ---·-",Flower,,,601
Entry-601-1438,"2 1 __""DesertStardust Mushroom Gummies"" -· $25 E O [il v N e o s l 0 î Y lN e o s",Edible,,,601
Entry-601-1439,ApproximateWeight> 8 Gummies,Edible,,,601
Qty,Item Qty S1JOOV1Sor Designau:suspectedCDStypeandpackaging. Estimated,Ambiguous,,,601
Entry-602-1440,Controlled Dan Substances CDS,Preroll,,,602
Entry-603-1441,Supplement/UCBuy 3.SgramsofCannabis,Flower,,,603
Entry-603-1442,undercovercapacity wherehe wastasked withconducting an undercoverpurchase ofcannabis from an,Flower,,,603
Entry-603-1443,"commonly used for cigarillo) and flower(aslangterm commonlyused for Cannabis),"". The clerkpresented",Flower,,,603
Entry-603-1444,numerous strains ofcannabisreadyto sell to Detective Scroggins. Detective Scrogginseventually decided onthe,Flower,,,603
Entry-603-1445,"strainof""Super Sonic"". Theclerkthen retrieved apackoftherespectivecannabis from behindthecounter. This",Flower,,,603
Entry-604-1446,cherries and more. This bagcontaining approximately 3.5 grams ofCannabis. Detective Scrogginspaidforthe,Flower,3.5,,604
Entry-604-1447,cigarillo's and the 3.5 grams ofcannabis.,Flower,3.5,,604
Entry-604-1448,"Afterthe sale,Detective Scrogginsretwnedto his covertvehicle andeventually transported the Cannabis",Flower,,,604
Entry-605-1449,containingaleafygreensubstance--------------------------------- O.OO E OYes O Yes,Ambiguous,,,605
Entry-606-1450,Controlled Dan Substances CDS,Preroll,,,606
Entry-609-1451,CheckforCDS:0 CDS PossessionE] CDSPWIDO Unknown 05/29/25 Harford G,Ambiguous,,,609
Entry-609-1452,Suspect D Juvenile O Unknown DOB: FBI#: SID#:,Ambiguous,,,609
Entry-609-1453,Victim D Unknown 008;,Ambiguous,,,609
Entry-609-1454,"statedinessentíallythesamea:>nditionaswhenreceived,exceptthatmaterialorportiona:>nsumedintheanalysisattheForensicSciencesDivision.",Ambiguous,,,609
s,• Dabs -39 items containing 71grams,Concentrate,71.0,,610
s,• Carts-100 items containing 200,Cartridge,,,610
s,"• Pre-Rolled ""Joints"" -799 items",Preroll,,,610
s,• Prepackaged Flower - 113 items,Flower,,,610
s,• Raw Flower- 16items containing,Flower,,,610
scontaininga,• Gummies - 654Itemscontaininga,Edible,,,610
Entry-611-1461,3 THC Products GlassCase 1149,Unknown,,,611
2,"Item#2 was Psilocybinproducts. Detective Buettnerseized atotal of252 items suspected ofcontaining Psilocybin in various forms. Based offthe packaging ofthe seizeditems,atotal of221 gramstotalofPsilocy",Ambiguous,,,612
Entry-613-1463,(Example ofGummies seized),Edible,,,613
swere,All ofthe abovelisted itemswere submitted into evidence. Several samples were pulled fortestingand,Unknown,,,614
s,BoxofGummies containing217 items,Edible,,,616
Entry-617-1466,Controlled Dan erous Substances CDS,Preroll,,,617
DescriptiooColor,"18. 19. 20. ItemDescriptiooColor, 21. 22. Status 23. Sp<cify 24. PropertyM.IIOilgemeotUseOnly",Concentrate,,,618
Entry-620-1472,Boxofflower,Flower,,,620
Qty,"Item Qty SUJ>aVUOf Desip,atesuspectedCOStypeaodp:acu.gùlg Estirnatod",Ambiguous,,,620
s,?? BoieofPre-Rolledcannabisocarettescontainina799items,Flower,,,620
s,":)?""' Bexoforeaackaaedflowercontalnina 113items",Flower,,,620
stotal,":'.)?""' BoxcontaininaGummies DabsandCarts.271 Itemstotal",Concentrate,,,620
Entry-621-1473,Controlled Danzerous Substances CDS,Preroll,,,621
Entry-622-1474,iii No Type(s)ofCDS? Marijuana ? Female,Flower,,,622
Entry-624-1475,? No Type(s)ofCDS?Marijuana Iii Female,Flower,,,624
Entry-626-1476,? No Type(s)ofCDS? Marijuana ? Female,Flower,,,626
Entry-628-1477,"Distribution, PossessionwithIntentto Distribute, andPossessionofaControlledDangerousSubstances",Preroll,,,628
Entry-628-1478,"Controlled Dangerous Substances, including narcotics, hallucinogens, and other dangerous drugs",Preroll,,,628
Entry-629-1479,"operation of controlled dangerous substances violations, found in or upon said premises and",Preroll,,,629
Entry-629-1480,"person(s) in close proximity to contraband, controlled dangerous substances or controlled",Preroll,,,629
Entry-629-1481,controlleddangeroussubstance violations andansweringmachineandansweringmachinetapes;,Preroll,,,629
Entry-629-1482,fromviolations ofthe controlleddangeroussubstanceslaws;,Preroll,,,629
s,• Gummies - 654 items containinga,Edible,,,630
s,• Carts - 100 items containing200,Cartridge,,,630
s,• Prepackaged Flower- 113 items,Flower,,,630
s,• Raw Flower - 16 items containing,Flower,,,630
scontaining,• Dabs -39 itemscontaining 71grams,Concentrate,71.0,,630
Entry-631-1489,3 THC Products Glass Case 1149,Unknown,,,631
2,"Item #2 was Psilocybinproducts. Detective Buettnerseized atotal of252 items suspected ofcontaining Psilocybin in various forms. Based offthe packaging ofthe seized items, atotal of221 grams total ofPs",Ambiguous,,,632
Entry-633-1491,(Example ofGummies seized),Edible,,,633
Entry-636-1492,NameUnknown : D Juvenile: D,Ambiguous,,,636
s,"f;,5 BoxofGummiescontaining 217 items",Edible,,,643
Entry-644-1494,Controlled Danzerous Substances CDS,Preroll,,,644
Entry-647-1498,Boxofflower,Flower,,,647
s,"?""' Box:ofPre-Rolledcannabisciaarettescontainino 799items",Flower,,,647
s,J?V\ BexofJ)re_Q_ackaoedflowercontainini;i 113items,Flower,,,647
s,??? Bexofgummiescontainina305items,Edible,,,647
stotal,)?? BoxcontainingGummies DabsandCarts.271 Itemstotal,Concentrate,,,647
Entry-648-1500,Controlled Danaerous Substances CDS,Preroll,,,648
Entry-649-1501,Drug Related DrugType MARIJUANA,Flower,,,649
Entry-650-1502,NameUnknown : D Juvenile: D,Ambiguous,,,650
S,Description : BOXCONTAINING249 THC MISC. ITEMS,Unknown,,,651
S,Description : BOXWITH46 MISC. THC ITEMS,Unknown,,,651
Entry-652-1505,Description : SAMPLEOFPSILOCYBIN EDIBLES,Edible,,,652
Entry-652-1506,Description : SAMPLEOF CANNABIS,Flower,,,652
Entry-652-1507,Description : SAMPLEOF EDIBLES,Edible,,,652
Entry-653-1508,Description : SAMPLEOF THCVAPE,Cartridge,,,653
Entry-653-1509,Description : SAMPLEOFTHC PRODUCT,Unknown,,,653
Entry-654-1511,Description : THC VAPE CARTRIDGE I,Cartridge,,,654
Entry-654-1512,Description : PLASTIC BAG CONTAININGPSILOCYBIN GUMMIES I,Edible,,,654
Entry-654-1513,Description : THC EDIBLES I,Edible,,,654
S,Description : BOXWITH46 MISC.THC ITEMS I,Unknown,,,654
Entry-655-1514,Description : PLASTICTUBECONTAININGCANNABIS I,Flower,,,655
Entry-656-1515,CheckforCDS: OCDSPossession0 CDSPWIDO Unknown 5/29/25 Harford El,Ambiguous,,,656
Entry-656-1516,Suspect OJuvenile O Unknown DOB: N/A FBI#: SID#:,Ambiguous,,,656
Entry-656-1517,Victim D Unknown DOB:,Ambiguous,,,656
Entry-656-1518,1 Zip-lock bag with a plastic bag containing suspected Psilocybin gummieslt·l?• ?7l,Edible,,,656
Entry-656-1519,2 Zip-Lock bag with suspected Cannabis f'JI. J<· ?6 7a,Flower,,,656
Entry-656-1520,"3 Zip- Lock bag with a package containing suspected THC edibles!V·l$""·_J,1.3",Edible,,,656
Entry-656-1521,4 Zip-Lock bag with a box containing suspected THC vape cartridge¡.y-?.2.'1')L{,Cartridge,,,656
Entry-656-1522,"5 Zip-Lock bag with plastictube containing suspected Cannabis Bl·?S. ,.,16",Flower,,,656
Entry-656-1524,"statedinessentiallythesameconditionaswhenreceived,exceptthatmaterialorportionconsumedintheanalysisattheForensicsdeocesDMsiOn.",Ambiguous,,,656
is,Each item is a sample of a larger batch perthattype ofsuspected CDS,Ambiguous,,,656
Entry-659-1525,e trolled D Subst CDS,Preroll,,,659
Qty,Item Qty S11?SO< DesignatesuspectedCDStypeand - packaging. Estimated,Ambiguous,,,659
s,Boxwith331 THC items,Unknown,,,659
s,Boxwith46THCfloweritems,Flower,,,659
Entry-660-1529,Controlled Danzerous Substances CDS,Preroll,,,660
Entry-661-1530,Supplement/UCBuy 3.SgramsofCannabis,Flower,,,661
Entry-661-1531,undercovercapacity wherehe was taskedwithconducting an undercoverpurchase ofcannabisfrom an,Flower,,,661
Entry-661-1532,"smoking devices. Detective Scroggins didnotobserve any branded ""designer strands"" ofcannabis. Detective",Flower,,,661
Entry-661-1533,"""wraps (a slang term commonly usedforcigarillo) and flower (a slang termcommonly usedfor Cannabis)"". The",Flower,,,661
Entry-661-1534,clerkretrieved apack ofcannabisfrom underneaththe counter. Thisbag wasasealedzip lock designerstyle bag,Flower,,,661
Entry-662-1535,cannabis.,Flower,,,662
Entry-662-1536,"Afterthe sale, Detective Scrogginsreturnedto his covertvehicle andtransportedthe Cannabisto the",Flower,,,662
EV-25,1 Popart Bag Containing Suspected Cannabis EV-25-1242,Flower,,,663
Entry-663-1537,CheckforCOS:0 COS Possession ? CDSPWIO O Unknown 03/18/25 Harford [3,Ambiguous,,,663
Entry-663-1538,Suspect O Juvenile O Unknown DOB: FBI#: SID#:,Ambiguous,,,663
Entry-663-1539,Victim O Unknown DOB:,Ambiguous,,,663
Entry-663-1541,"statedlnessentiallythesameconditionaswhenrecelVed,exceptthatmaterialorportionconsumedintheanalysisattheForensicSciencesDivision.",Ambiguous,,,663
Entry-664-1543,"Cannabis thatwaspurchased fromTobaccoTownonTuesday, March 181\ 2025, testedforTetrahydrocannabinol (THC}",Flower,,,664
Entry-664-1544,"DetectiveArmigermetwithAgentMangold, who wouldconduct the test. Toe cannabiswas testedutilizing the",Flower,,,664
Entry-664-1545,"LightLab 3 Cannabis Analyzer. Asaresult ofthetest,thepurchased Cannabis testedata t 'HC levelof10.7% THC,",Flower,,,664
Entry-665-1546,Sample ID: 25-44777,Unknown,,,665
Entry-666-1547,Sample ID: 25-44777,Unknown,,,666
Entry-667-1548,THC:CBD Ratio,Unknown,,,667
Entry-667-1549,High THC Sample,Unknown,,,667
Entry-667-1551,Total THC: 10.7%,Unknown,,,667
Entry-667-1552,THC-A: 12.2%,Flower,,,667
Entry-668-1553,O 51102153204255306357408459510,Cartridge,,,668
Entry-668-1554,t? Total THC: 107%,Unknown,,,668
Entry-668-1555,THC-A: 12.2%,Flower,,,668
Entry-668-1556,• â9-THC: ND,Unknown,,,668
Entry-668-1557,•â8-THC*: ND ',Unknown,,,668
Entry-669-1558,Sample ID: 2025-00044777 Aberdeen,Unknown,,,669
Entry-670-1559,SAMPLE DETAILS,Unknown,,,670
Entry-670-1560,THC:CBD Ratio,Unknown,,,670
Entry-670-1561,High THC Sample,Unknown,,,670
Entry-671-1563,Total THC: 2.7%,Unknown,,,671
Entry-671-1564,.THC-A: ND,Flower,,,671
Entry-671-1565,A9-THC: 2.7%,Unknown,,,671
Entry-671-1566,AS-THC*: 5.7%,Unknown,,,671
Entry-672-1567,Supplement/UCBuy3.Sgrams ofCannabis,Flower,,,672
Entry-672-1568,undercover capacity wherehewas tasked withconducting anundercoverpurchase ofcannabis from,Flower,,,672
Entry-672-1569,"smoking devices. DetectiveScroggins did notobserve any branded ""designer strands"" ofcannabis. Detective",Flower,,,672
Entry-672-1570,"""wraps (aslang termcommonly usedforcigarillo) andflower (a slangterm commonly used forCannabis)"". The",Flower,,,672
Entry-672-1571,clerk retrieved apackofcannabis from underneath thecounter.Thisbag was asealed zip lock designerstyle bag,Flower,,,672
Entry-673-1572,cannabis.,Flower,,,673
Entry-673-1573,"After the sale, Detective Scrogginsreturnedto his covertvehicle andtransported the Cannabis tothe",Flower,,,673
Entry-674-1574,Popart Cannabis Flower,Flower,,,674
Entry-675-1575,Controlled Dan Substances CDS,Preroll,,,675
Entry-676-1578,"atthe predetermined location,CI-1 gaveDet.Armigerthe purchased cannabisand advised thatan unknownemployee",Flower,,,676
Entry-676-1580,"safekeeping. Detective Armigerwill transportthe Cannabistothe MarylandCannabisCommission, whereit will be",Flower,,,676
MD 21040,"Supplement 7 Grams Cannabis 1711 Pulaski Highway, Edgewood, MD 21040",Flower,7.0,,676
at 1711,"conductingacontrolled buyofCannabisfromTobacco Town, located at 1711 PulaskiHighway, Edgewood, Maryland",Flower,,,676
room,"Onceback atthe Task Force Office,Detective Armigerplaced theCannabis in the locked evidenceroom for",Flower,,,676
Entry-677-1581,CheckforCDS: 0CDSPossession? CDSPWIDOUnknown 02/26/25 Harford E),Ambiguous,,,677
Entry-677-1582,Suspect OJuvenile O Unknown DOB: FBI#: SID#:,Ambiguous,,,677
Entry-677-1583,Victim O Unknown DOB:,Ambiguous,,,677
Entry-677-1584,"statedlnessentfalfythesameconditionaswhenreœlved,exceptthatmaterialorportionconsumedintheanalysisattheForensicSciencesDivision.",Ambiguous,,,677
Entry-678-1585,?urevana Brand Delta 1O THC Flower I,Flower,,,678
Entry-679-1586,Controlled Dan erous Substances CDS,Preroll,,,679
Entry-680-1588,"CannabisthatwaspurchasedfromTobaccoTownonWednesday,February261\ 2025, testedforTetrahydrocannabinol",Flower,,,680
Entry-680-1589,(THC) content.,Unknown,,,680
Entry-680-1590,"Detective ArmigermetwithAgentMangold, who would conduct thetest. Thecannabiswastestedutilizingthe",Flower,,,680
Entry-680-1591,"LightLab3 CannabisAnalyzer. Asaresult ofthe test, thepurchased Cannabis testedata lev, I of 7% THC, whichis",Flower,,,680
Entry-681-1592,"On Wednesday, May 14th, 202 , Detective Armiger coordinated an undercover buy of Cannabis from",Flower,,,681
Entry-681-1593,"purchased 3.5 grams ofsuspected Cannabis and ""RoadTrip DesertStardust Mushroom Gummies""for",Flower,3.5,,681
Entry-681-1594,tookcustody ofthe purchased products. The exact legality and contents ofthe mushroom gummiesatthistime,Edible,,,681
Entry-681-1595,are unknown.,Ambiguous,,,681
Entry-681-1596,Det. Armigerthen tookthe Suspected Cannabis& chocolate barback tothe Harford County DrugTask,Flower,,,681
Entry-682-1597,Bribery ChildAbuse{First/SecondDegree) inginControlledDangerousSubstances[mcludi,Preroll,,,682
Entry-683-1598,CheckforCDS: 0 CDSPossession!!'.I CDS PWID O Unknown 05/14/25 Harford,Ambiguous,,,683
Entry-683-1599,Suspect D Juvenile O Unknown DOB: FBI#: SID#:,Ambiguous,,,683
Entry-683-1600,Victim O Unknown DOB:,Ambiguous,,,683
Entry-684-1601,1 1 . containing suspected Cannabis Oves Oves,Flower,,,684
Entry-684-1602,"2 1 ""Desert StardustMushroom Gummies"" Oves OVes",Edible,,,684
Entry-684-1603,ApproximateWeight= 8 Gummies,Edible,,,684
Entry-685-1604,Controlled Danzerous Substances CDS,Preroll,,,685
Entry-686-1605,Supplement/UCBuy 3.Sgrams ofCannabis,Flower,,,686
Entry-686-1606,undercovercapacitywhere he was tasked withconductinganundercoverpurchase ofcannabisfrom an,Flower,,,686
Entry-686-1607,"easterndecent and askedforapackof""wraps (aslangtermcommonly usedforcigarillo) andflower(aslang",Flower,,,686
Entry-686-1608,"termcommonlyused forCannabis)"". Theclerkretrieved apack ofcannabis fromunderneaththe counter. This",Flower,,,686
Entry-686-1609,"""Dragon BallZ"" utilizingvarious smoking devices,containing approximately 3.5 grams ofCannabis. Detective",Flower,3.5,,686
Entry-686-1610,Scroggins paid forthe cigarillo'sandthe 3.5 gramsofcannabis.,Flower,,,686
Entry-687-1611,"Afterthe sale, Detective ...,..,rogginsreturnedto hiscovertvehicle a.?-.. eventuallytransported the Cannabis",Flower,,,687
Entry-688-1612,CheckforCDS:0CDS Possession ? CDSPWIDO Unknown 05/29/25 Harford G,Ambiguous,,,688
Entry-688-1613,Suspect OJuvenile O Unknown DOB: FBI#: SID#:,Ambiguous,,,688
Entry-688-1614,Victim O Unknown DOB:,Ambiguous,,,688
Entry-688-1615,"statedlnessentiallythesameconditionaswhenreceived,exceptthatmaterialorportionconsumedlntheanalysisattheForensicSciencesDívlslon.",Ambiguous,,,688
Entry-690-1616,Controlled Dan Substances CDS,Preroll,,,690
Entry-693-1617,"THC and Psilocybin products illegally in Harford County, Maryland.",Unknown,,,693
Entry-694-1618,cannabis flower,Flower,,,694
Entry-694-1619,F Cannabis/psilocybinproducts Disnlav case across from frontdoor 1129,Flower,,,694
Entry-694-1620,"rolled suspectedmarihuana""blunts"", ""suspected THC gummies"", ""suspected THCvapes"", suspected loose",Flower,,,694
Entry-694-1621,"marihuana, and suspectedpsilocybin.",Flower,,,694
was,All evidence was packaged in accordance to Harford County Drug Task Force policies. Five sample items,Unknown,,,696
Entry-702-1623,"Code Annotated, Criminal Procedure, Title 12 (Forfeiture-Controlled",Preroll,,,702
Entry-702-1624,Dangerous Substances Violations). You have been identified as the owner or party having,Ambiguous,,,702
Entry-703-1625,CheckforCDS: O CDSPossession? CDSPWIDO Unknown 5/29/2025 Harford G,Ambiguous,,,703
Entry-703-1626,Suspect O Juvenile O Unknown DOB: FBI#: SID#:,Ambiguous,,,703
Entry-703-1627,Victim O Unknown DOB:,Ambiguous,,,703
Entry-703-1628,"1 Don't panic, it's organic cannibis flower, suspected marihuana",Flower,,,703
Entry-703-1629,"2 Muffins pre-roll vanilla bean dream, suspected marihuana",Flower,,,703
Entry-703-1630,"3 THC-O Gummies 2 pack, suspected THC",Edible,,,703
Entry-703-1631,"4 Modus Platnium blend diamond sauce CB9A + THC-P, suspectedTHC",Ambiguous,,,703
Entry-703-1632,"5 Road trip desert stardust mushroom gummies, suspected Psilocybin",Edible,,,703
Entry-704-1633,"lrem Qty SupcrvlSOr DesignatesuspectedCDStypeandpoclœging. Esum,ued",Ambiguous,,,704
Entry-704-1634,V Brownbox.containing297assortedTHCedibles,Edible,,,704
Entry-704-1635,s flower o E 0 Yes 0Yes,Flower,,,704
Entry-704-1636,"""mushroom""gummies o E O Yes 0Yes",Edible,,,704
Entry-707-1637,Controlled Dangerous Substances CDS,Preroll,,,707
Entry-708-1638,? No Type(s)orCDS? Marijuana Iii Female,Flower,,,708
Entry-710-1639,I!! No Type(s)ofCDS? Marijuana ? Female,Flower,,,710
Entry-712-1640,"THC and Psilocybin products illegally in Harford County, Maryland.",Unknown,,,712
Entry-713-1641,cannabis flower,Flower,,,713
Entry-713-1642,F Cannabis/psilocvbin products Display case across from front door 1129,Flower,,,713
Entry-713-1643,"rolled suspected marihuana ""blunts"", ""suspectedTHCgummies"", ""suspected THC vapes"", suspected loose",Flower,,,713
Entry-713-1644,"marihuana, and suspectedpsilocybin.",Flower,,,713
Entry-721-1646,"to Code Annotated, Criminal Procedure, Title 12 (Forfeiture-Controlled",Preroll,,,721
Entry-721-1647,Dangerous Substances Violations). You have been identified as the owner or party having,Ambiguous,,,721
Entry-722-1648,CheckforCDS: 0 CDSPossession E) CDSPWIDO Unknown 5/29/2025 Harford [:],Ambiguous,,,722
Entry-722-1649,Suspect O Juvenile O Unknown DOB: FBI#: SID#:,Ambiguous,,,722
Entry-722-1650,Victim O Unknown DOB:,Ambiguous,,,722
Entry-722-1651,"1 Don't panic, it's organic cannibis flower, suspected marihuana",Flower,,,722
Entry-722-1652,"2 Muffins pre-roll vanilla bean dream, suspected marihuana",Flower,,,722
Entry-722-1653,"3 THC-O Gummies 2 pack, suspected THC",Edible,,,722
Entry-722-1654,"4 Modus Platnium blend diamond sauce CB9A + THC-P, suspected THC",Ambiguous,,,722
Entry-722-1655,"5 Road trip desert stardust mushroom gummies, suspected Psilocybin",Edible,,,722
Entry-723-1656,Lontrolled Uan erous Substances CDS,Preroll,,,723
Entry-723-1658,Brownboxcontaining297as ortedTHCedibles,Edible,,,723
Qty,"Item Qty upavtSOr DesignatesuspectedCDStypeandpeckagmg, Esumaied",Ambiguous,,,723
Entry-724-1659,Controlled Dangerous Substances CDS,Preroll,,,724
Entry-727-1660,CheckforCDS:O CDSPossession O CDS PWID O Unknown 5/29/25 Harford,Ambiguous,,,727
Entry-727-1661,Suspect OJuvenile O Unknown DOB: FBI#: SID#:,Ambiguous,,,727
Entry-727-1662,Victim O Unknown DOB:,Ambiguous,,,727
Entry-727-1663,"1 Bag containing 3 prerolled cigarettes suspected Cannabis L \J ' ) -? ,i -?",Flower,,,727
Entry-727-1664,2 Bag containing suspected THC gummies 7; -=l 1 \.I,Edible,,,727
Entry-727-1665,"3 bag containing package of suspected Psllccybln gummies ,;} -::.} 1 ')",Edible,,,727
Entry-727-1666,4 bag containing suspected waxtype THC,Concentrate,,,727
Entry-727-1667,5 bag containing suspected cannabis ti v 1 .)- -· /) l ') -·+,Flower,,,727
Entry-729-1668,"Controlled Dangerous Substance Analysis Report Director: BarryS. Levine,PhD",Preroll,,,729
Entry-729-1669,report. AllNEGATIVEmaterialwill beretainedforsixmonthsfromthedateofthisreport.,Ambiguous,,,729
Entry-729-1670,3pre-rolledcigarettes containinggreenplantmaterial 2.9197 g +/-0.0012g,Preroll,9197.0,,729
Entry-729-1671,"Cannabis(>1%delta-9-THC) I 1,2,3",Flower,,,729
Entry-729-1672,"""PolkaDot""foilpackcontaininggreenishgummles 28.6185g +/·0.0012g",Concentrate,6185.0,,729
Entry-729-1673,"""RoadTrip""Mushroomgummiesfollpackcontainingdarkgreengummles 26.3612g +/·0.0012g",Edible,3612.0,,729
Entry-729-1674,"delta-8•tetrahydrocannabinol(delta-8-THC) NS 2,3",Unknown,,,729
Entry-729-1675,greenplant material 6.2149g +/·0.0012g,Flower,2149.0,,729
Entry-729-1676,"cannabis(>1%delta-9-THC) I 1,2,3",Flower,,,729
Entry-729-1677,"Non-statisticalsamplingpianusedunlessotherwiseIndicated.IfstatisticalsampllngplanIsused,itwillbewith95%confidencelevelthat90%ofthesamplesarePositive. Netweightsare",Unknown,,,729
Entry-729-1678,herebycertifythat:1)TheaboveanalyzedmaterialwasanalyzedbymeunderproceduresapprovedbytheMarylandDepartmentofHealth;2)IamcertifiedbytheMarylandDepartmentofHealthasanindividual,Ambiguous,,,729
Entry-729-1679,ualiíledunderstandardsapprovedbythatDepartmenttoanalyzecontrolleddangeroussubstances;31thesubstancesfoundlntheabovedescribedcontainersaretheparticularcontrolledsubstancesUsted,Preroll,,,729
Entry-730-1680,Controlled DangerousSubstanceAnalysis Report,Preroll,,,730
Entry-730-1681,"experienceaswellasvalidatedandacceptedscientificprocedures. Unlesscontractedotherwise,allPOSITIVEmaterialwillberetainedforoneyearfromthedateofthis",Ambiguous,,,730
Entry-730-1682,report.AllNEGATIVEmaterialwlllberetainedforsixmonthsfromthedateofthisreport.,Ambiguous,,,730
Entry-731-1683,CheckforCOS:OCDSPossessionE:] CDSPWIDO Unknown 5/29/25 Harford [3,Ambiguous,,,731
Entry-731-1685,Victim O Unknown DOB:,Ambiguous,,,731
Entry-731-1686,1 Zip-lock bag with a plastic bag containing suspected Psilocybin gummies /. )/ )(7,Edible,,,731
Entry-731-1687,11 2 Zip-Lock bag with suspected Cannabis v.:. 'k 7J,Flower,,,731
Entry-731-1688,"3 Zip- Lock bag with a package containing suspected THC ediblesí ¡, I )v > . · J y 1? ,I",Edible,,,731
Entry-731-1689,"? 4 Zip-Lock bag with a box containing suspected THC vape cartridge,: 1, ),: )( J'(",Cartridge,,,731
Entry-731-1690,5 Zip-Lock bag with plastictube containing suspected Cannabis ¡ 'v \,Flower,,,731
Entry-731-1692,"statedlnessentiallythesameconditionaswhenreœived,exceptthatmaterialorportionconsumedlntheanalysisattheForensicSciencesDlv!slon.",Ambiguous,,,731
S10,Suspect OJuvenile O Unknown DOB: N/A FBI#: S10#:,Ambiguous,,,731
is,. Each item is a sample of a larger batch per thattype of suspected CDS,Ambiguous,,,731
Entry-733-1693,Controlled Dangerous Substance Analysis Report,Preroll,,,733
Entry-733-1694,"experienceaswellasvaildatedandacceptedscientificprocedures.Unlesscontractedotherwise,allPOSITIVEmaterialwillberetainedforoneyearfromthedateofthis",Ambiguous,,,733
Entry-733-1695,report.AliNEGATIVEmaterialvllllberetainedforsixmonthsfromthedateofthisreport.,Ambiguous,,,733
Entry-733-1696,"""MagicMushroom""foilpackcontaining 16roundgreen gummies 44.6660g +/·0.0012g",Concentrate,6660.0,,733
Entry-733-1697,greenplantmaterial 6.8381g +/·0.0012g,Ambiguous,8381.0,,733
Entry-733-1698,"Cannabis(>1%delta·9·THC) I 1,2,3",Flower,,,733
Entry-733-1699,"An""Elegant""foilpackcontainingaroundgreengummy S.2627 g +/·0.0012g",Concentrate,2627.0,,733
Entry-733-1700,"Cannabis(<1%delta-9-THC) NS 2,3",Flower,,,733
Entry-733-1701,"A""Sauced""vapecartridge containingamberllqufd -2ml NA",Cartridge,,,733
Entry-733-1702,"delta-8-tetrahydrocannablnol(delta·S·THC) NS 2,3",Unknown,,,733
Entry-733-1703,pre-rolledcigarette containinggreenplantmaterial 1.3162 g +/·0.0012g,Preroll,3162.0,,733
Entry-733-1704,"cannabis(>1%delta-9-THC) I 1, 2,3",Flower,,,733
Entry-733-1705,"Non-statisticalsamplingplanusedunlessotherwiseindlcated.Ifstatisticalsamplingplanisused,ltwillbewith95%confidencelevelthat90%ofthesamplesarePositive. Netweightsare",Unknown,,,733
Entry-733-1706,herebycertifythat:1)TheaboveanalyzedmaterialwasanalyzedbymeunderproceduresapprovedbytheMarylandDepartmentofHealth;2)IamcertifiedbytheMar¡landDepartmentofHealthasanlndívidual,Ambiguous,,,733
Entry-733-1707,.ualifiedunderstandardsapprovedbythatDepartmenttoanalyzecontrolleddangeroussubstances;3)thesubstancesfoundlntheabovedescribedcontainersaretheparticularcontrolledsubstanceslisted,Preroll,,,733
Entry-734-1708,Controlled Dangerous Substance Analysis Report,Preroll,,,734
Entry-734-1709,"experienceaswellasvalidatedandacceptedscientificprocedures.Unlesscontractedotherwise,allPOSITIVEmaterialwillberetainedforoneyearfromthedateofthis",Ambiguous,,,734
Entry-734-1710,report.AllNEGATIVEmaterialwillberetainedforsixmoothsfromthedateofthisreport.,Ambiguous,,,734
Entry-735-1711,I CheckforCDS:0 CDSPossession 0 CDSPWIDO Unknown 5/29/25 Harford,Ambiguous,,,735
Entry-735-1712,Suspect D Juvenile O Unknown DOB: FBI#: SID#:,Ambiguous,,,735
Entry-735-1713,Victim O Unknown DOB:,Ambiguous,,,735
Entry-735-1714,3 Zlploc bag containing three pre rolled suspected cannbis cigarettesfV-b(JJ..Jl'xiú,Preroll,,,735
Entry-735-1715,"statedlnessentlallylhesameconditionaswhenreœlVed,exceptthatmaterialorport1onconsumedlntheanalysisattheForensicSClencesDMslon.",Ambiguous,,,735
Entry-737-1716,Controlled Dangerous SubstanceAnalysisReport,Preroll,,,737
Entry-737-1717,"experienceaswellasvalidatedandacceptedscientificprocedures.Unlesscontractedotherwise,allPOSITIVEmaterialwillberetainedforoneyearfromthedateofthis",Ambiguous,,,737
Entry-737-1718,report.AllNEGATIVEmaterialwillberetainedforsixmonthsfromthedateorthisreport.,Ambiguous,,,737
Entry-737-1719,greenplantmaterial 5.8637 g +/·0.0012g,Ambiguous,8637.0,,737
Entry-737-1720,"Cannabis(>1%delta-9-THC) I 1,2,3",Flower,,,737
Entry-737-1721,"""RoadTrip""Mushroomgummlesfoilpackcontainingorangegummies 25.9723g +/·0.0012g",Concentrate,9723.0,,737
Entry-737-1722,3pre-rolledcigarettescontaininggreenplantmateria! 3.3326g +/·0.0012g,Preroll,3326.0,,737
Entry-737-1723,"Cannabis(>1%delta-9-THC) I 1,2,3",Flower,,,737
Entry-737-1724,"""DoubleStackedBites""THCediblepackcontainingred/greengummies 19.8264g +/-0.0012g",Edible,8264.0,,737
Entry-737-1725,"cannabis(<1%delta-9-THC) NS 2,3",Flower,,,737
Entry-737-1726,"delta-8-tetrahydrocannablnol(delta-8-THC) NS 2,3",Unknown,,,737
Entry-737-1727,"""GirlScout Cookies""follpackcontaininggreenplantmaterial 3.5879g +/-0.0012g",Edible,5879.0,,737
Entry-737-1728,"Cannabis(>1%delta-9-THC) I 1,2,3",Flower,,,737
Entry-737-1729,"Non-statisticalsamplingplanusedunlessotherwiseIndicated.IfstatisticalsamplingplanIsused,ltwillbewith95%confidencelevelthat90%ofthesamplesarePositive.Netweightsare",Unknown,,,737
Entry-737-1730,herebycertífythat:1)TheaboveanalyzedmaterialwasanaívzedbymeunderproceduresapprovedbytheMarylandDepartmentofHealth;2)IamcertifiedbytheMarylandDepartmentofHealthasanindiVidual,Ambiguous,,,737
Entry-737-1731,uallfiedunderstandardsapprovedbythatDepartmentroanalyzecontrolleddangeroussubstances;3)thesubstancesfoundlntheabovedescribedcontainersaretheparticularcontrolledsubstancesfisted,Preroll,,,737
Entry-738-1732,Controlled DangerousSubstance Analysis Report,Preroll,,,738
Entry-738-1733,"experienceaswellasvalidatedandacceptedscientificprocedures.Unlesscontractedotherwise,allPOSITIVEmaterialwillberetainedforoneyearfromthedateofthis",Ambiguous,,,738
Entry-738-1734,"report.AllNEGATIVEmaterialwillberetainedforsixmonthsfromthedateofthisreport,",Ambiguous,,,738
Entry-739-1735,CheckforCDS: ? CDSPossession?CDS PWID O Unknown 05/29/25 Harford,Ambiguous,,,739
Entry-739-1736,Suspect O Juvenile 0 Unknown DOB: FBI#: SID#:,Ambiguous,,,739
Entry-739-1737,Victim O Unknown DOB:,Ambiguous,,,739
Entry-739-1738,"leafy substance of suspected Cannabis, a schedule I controlled dangerous substance.",Flower,,,739
Entry-739-1739,"leafy substance ofsuspected Cannabis, a schedule I controlled dangerous substance.",Flower,,,739
Entry-739-1740,"containing suspected Psilocybin, a schedule I controlled dangerous substance.",Preroll,,,739
Entry-739-1741,"containing ""' ;"".:.:· suspected Psilocybín, a schedule I controlled dangerous",Preroll,,,739
Entry-739-1742,substance.,Ambiguous,,,739
Entry-739-1743,"statedinessentiallymesameconditionaswhenreceived,exceptthatmaterialorportionconsumedinlheanalysisattheForensicSciencesDivision.",Ambiguous,,,739
Entry-739-1744,1. Unknown #12 ? q ·- '..2........ ? ' jr .. ' 0 0 5 5 / / 2 2 ? 9 ! / 2 2 S 5 : J _0.9!?-3¿ 13 .,Ambiguous,,,739
Entry-740-1745,CheckforCDS: El CDS Possession ElCOS PWIDO Unknown 05/29/25 Harford,Ambiguous,,,740
Entry-740-1746,Suspect O Juvenile 0 Unknown DOB: FBI#: SID#:,Ambiguous,,,740
Entry-740-1747,Victim O Unknown DOB:,Ambiguous,,,740
Entry-740-1748,"leafysubstance of suspected Cannabis, a schedule I controlled dangerous substance. -;:::)5""'l?",Flower,,,740
Entry-740-1749,"leafysubstance of suspected Cannabis, a schedule I controlled dangerous substance.",Flower,,,740
Entry-740-1750,"withgreenaleafy substanceofsuspected Cannabis,aschedule I controlleddangeroussubstance.",Flower,,,740
Entry-740-1751,"4 One(1)greengraphi?ab?led""PolkaDot,mushroommagicblend.belqlandarkchocolatemauicoconuttwist""",Edible,,,740
Entry-740-1752,"containing it-gíia('!""ls-crf suspected Psilocybin, a schedule I controlled dangerous",Preroll,,,740
Entry-740-1753,substance.,Ambiguous,,,740
Entry-740-1754,"statedlnessentiallythesameconditionaswhenreceived,exceptthatmaterialorportionconsumedlntheanalysisattheForensicSciencesDivision.",Ambiguous,,,740
Entry-740-1755,1. Unknown -?A- 05i29!25 0858 13.,Ambiguous,,,740
Entry-741-1756,UNKNOWN,Ambiguous,,,741
Entry-741-1757,chocolate bar,Edible,,,741
Entry-741-1758,plant-like material,Ambiguous,,,741
Entry-741-1759,plant-like material,Ambiguous,,,741
Entry-741-1760,shaped orange gummy candies,Edible,,,741
Entry-741-1761,chocolate bar,Edible,,,741
Entry-741-1762,1 Cannabis Confirmed,Flower,,,741
Entry-741-1763,Total Delta-9-THC :i?: 1.00%byweight,Unknown,,,741
Entry-741-1764,1 sample(s) tested,Unknown,,,741
Entry-742-1765,2 Cannabis Confirmed,Flower,,,742
Entry-742-1766,Total Delta-9-THC ?1.00%byweight,Unknown,,,742
Entry-742-1767,1 sample(s) tested,Unknown,,,742
Entry-742-1768,3 Cannabis Confirmed,Flower,,,742
Entry-742-1769,Total Delta-9-THC ? 1.00%byweight,Unknown,,,742
Entry-742-1770,1 sample(s) tested,Unknown,,,742
Entry-742-1771,1 sample(s) tested,Unknown,,,742
Entry-742-1772,5 Cannabis Confirmed,Flower,,,742
Entry-742-1773,Total Delta-9-THC ?LOO%byweight,Unknown,,,742
Entry-742-1774,1 sample(s) tested,Unknown,,,742
Entry-742-1775,6 Cannabis Confirmed,Flower,,,742
Entry-742-1776,Total Delta-9-THC ? 1.00%byweight,Unknown,,,742
Entry-742-1777,1 sample(s) tested,Unknown,,,742
Entry-742-1778,3 sample(s) tested 16.47 g (+/- 0.02 g) (net),Unknown,16.47,,742
Entry-742-1779,1 sample(s) tested,Unknown,,,742
Entry-743-1780,"4-AcO-DMT (4-Acetoxy-N,N-Dimethyltryptamine) is not listed by name in the Schedules of Controlled",Preroll,,,743
Entry-743-1781,Substances.,Ambiguous,,,743
Entry-743-1782,4-OH-MET (4-Hydroxy-N-Methyl-N-Ethyltryptamine) is not listed by name in the Schedules of Controlled,Preroll,,,743
Entry-743-1783,Substances.,Ambiguous,,,743
Entry-743-1784,Caffeine is a non-controlled substance.,Preroll,,,743
Entry-743-1785,Theobromine is a non-controlled substance.,Preroll,,,743
Entry-743-1786,substance(s). I properly analyzed these substance(s) using the procedures approved by the MDH. Quality control,Ambiguous,,,743
Entry-743-1787,"report contains the opinions and conclusions of the undersigned analyst that the material tested is, or contains,",Ambiguous,,,743
Entry-743-1788,"the particular substance(s) specified in the report. I certify that this report was made by me, or is a true copy",Ambiguous,,,743
Entry-743-1789,"Resultsreported as""Confirmed"" Jndlcatethatthesubstance(s) listedwas detected byat least twoseparate",Ambiguous,,,743
Entry-743-1790,"analytical methods. Results reported as""No fh1dings""Indicate thatnosubstances within outcurrentscopeof",Ambiguous,,,743
Entry-743-1791,If Hemp/Marijuana Differentiation or Cannabinoid Quantitation testing was requested or performed:,Flower,,,743
Entry-743-1792,and marijuana based on the concentration of Delta-9-Tetrahydrocannabinol (Delta-9-THC). Please refer,Flower,,,743
Entry-743-1793,determination can be made as to whether the sample is marijuana. Additional testing would be required,Flower,,,743
Entry-743-1794,0.085 g for Hemp/Marijuana Differentiation and 0.100 g for Cannabinoid Quantitation. If insufficient,Flower,85.0,,743
Entry-744-1796,"*Total Delta-9-THC, Total THC, or Delta-9-THC + Delta-8-THC (as applicable) was not calculated because",Unknown,,,744
Entry-744-1797,Total Delta-9-THC or Total THC (as applicable) from THCA corresponds to the reported THCA value,Flower,,,744
was,"material was submitted, the item was not analyzed and no result was reported.",Ambiguous,,,744
Entry-745-1798,plant-like material,Ambiguous,,,745
Entry-745-1799,plant-like material,Ambiguous,,,745
Entry-745-1800,plant-like material,Ambiguous,,,745
Entry-745-1801,bag containing one brown chocolate bar,Edible,,,745
Entry-749-1802,colorless plastic bag containing plant-like material,Ambiguous,,,749
Entry-749-1803,colorless plastic bag containing plant-like material,Ambiguous,,,749
Entry-749-1804,gummy candies,Edible,,,749
Entry-749-1805,7.1 3 Edible,Edible,,,749
Entry-749-1806,7.2 3 Edible,Edible,,,749
Entry-749-1807,7.3 3 Edible,Edible,,,749
Type,"Item Type:Exhibit: 7.1 - Edible Date Released By Received By Purpose 07/18/2025 MELISTON (Melanie F. Liston, B.S., Central Receiving » Central Receiving » Transfer to Secure Location ABC-DA) V01-BUX »",Edible,,ABC-DA,752
Type,"Item Type:Exhibit: 7.2 - Edible Date Released By Received By Purpose 07/18/2025 MELISTON (Melanie F. Liston, B.S., Central Receiving » Central Receiving » Transfer to Secure Location ABC-DA) V01-BUX »",Edible,,ABC-DA,753
Type,"Item Type:Exhibit:7.3-Edible Date Released By Received By Purpose 07/18/2025 MELISTON (Melanie F. Liston, B.S., Central Receiving » Central Receiving » Transfer to Secure Location ABC-DA) V01-BUX » MD",Edible,,ABC-DA,754
