Entry_Number,Description,Classification,Weight_g,Store_Location,Page
Entry-24-0,"• THC Cartridges - 981.2 Grams • THCOil - 28 Grams • Pre-RolledCannabis - 2,066.5 Grams • Pre-PackagedCannabis-3,294.75 Grams • THC Gummies-912.13 Grams",Concentrate,981.2,,24
Entry-24-1,"• THCOil - 28 Grams • Pre-RolledCannabis - 2,066.5 Grams • Pre-PackagedCannabis-3,294.75 Grams • THC Gummies-912.13 Grams • SuspectedPsílocybin Edibles/Gummies - 460Grams",Concentrate,28.0,,24
Entry-24-2,• THC Cartridges -767 Grams • THCOil-56 Grams • Pre-Rolled Cannabis-373.5 Grams • Pre-Packaged Cannabis-613.5 Grams • THCGummies -345.9 Grams,Concentrate,767.0,,24
Entry-24-3,• THCOil-56 Grams • Pre-Rolled Cannabis-373.5 Grams • Pre-Packaged Cannabis-613.5 Grams • THCGummies -345.9 Grams • SuspectedPsilocybin Edibles/Gummies - 23.8 Grams,Concentrate,56.0,,24
Entry-24-4,"• THCCartridges - 7,985.4 Grams • THC Oil - 374Grams • Pre-Rolled Cannabis - 3,566.95Grams • Pre-Packaged Cannabis - 2,128.3 Grams • LooseBulkCannabis- 3,057 Grams",Concentrate,985.4,,24
Entry-24-5,"• THC Oil - 374Grams • Pre-Rolled Cannabis - 3,566.95Grams • Pre-Packaged Cannabis - 2,128.3 Grams • LooseBulkCannabis- 3,057 Grams • THC Edibles/Gummies -6,348.4Grams",Concentrate,374.0,,24
Entry-24-6,"• Pre-Rolled Cannabis - 3,566.95Grams • Pre-Packaged Cannabis - 2,128.3 Grams • LooseBulkCannabis- 3,057 Grams • THC Edibles/Gummies -6,348.4Grams • SuspectedPsilocybinEdibles/Gummies - 1,453.68Grams",Edible,566.95,,24
Entry-24-7,"Detective Armiger knows that Maryland is a total THC state, where some states throughout the United States arenot. This meansto beconsidered Iega11y compliant in the stateofMaryland underthe2018 Farm Bill, a Cannabis sample's total THC mustnot exceed 0.3% onadryweight basis. 202500044777 Page 4of6",Likely Cannabis,,,24
Entry-24-8,Cannabis sample's total THC mustnot exceed 0.3% onadryweight basis. 202500044777 Page 4of6 024,Likely Cannabis,,,24
Entry-25-10,"Asa resultofthefieldtesting, Cannabis from each storetestedhigherthan the0.3% permittablebyMaryland State Law. As an example, several ofthe purchases made from the stores were testedprior to obtaining and executing the search and seizure warrants in this investigation. A sampling ofthosepurchases, b",Likely Cannabis,,testedhigherthan the0,25
Entry-25-12,03/18/25 Tobacco Town 3.5 Grams Cannabis 10.7% TotalTHC 03/18/25 Convenience City Inc. 17.5 Grams Cannabis 18.5% Total THC 04/03/25 Smoke StarInc. 7 GramsCannabis 22.7% Total THC 04/03/25 Smoke City 3.5 Grams Cannabis & 2 8.7% TotalTHC Pre-Rolled Cannabis,Preroll,3.5,,25
Entry-25-13,03/18/25 Convenience City Inc. 17.5 Grams Cannabis 18.5% Total THC 04/03/25 Smoke StarInc. 7 GramsCannabis 22.7% Total THC 04/03/25 Smoke City 3.5 Grams Cannabis & 2 8.7% TotalTHC Pre-Rolled Cannabis Cigarettes,Preroll,17.5,,25
Entry-25-14,04/03/25 Smoke StarInc. 7 GramsCannabis 22.7% Total THC 04/03/25 Smoke City 3.5 Grams Cannabis & 2 8.7% TotalTHC Pre-Rolled Cannabis Cigarettes,Preroll,3.5,,25
Entry-25-15,04/03/25 Smoke City 3.5 Grams Cannabis & 2 8.7% TotalTHC Pre-Rolled Cannabis Cigarettes,Preroll,3.5,,25
Entry-25-16,Pre-Rolled Cannabis Cigarettes,Preroll,,,25
Entry-25-17,Cigarettes,Preroll,,,25
Entry-25-18,"gradeCannabis. DetectiveArmigerfurtherconsultedwithAgentMangoldoftheATCCwho advisedthattheabove mentioned store frontswere not licenseddispensaries, thereforwouldonlybepermitted to sell hemp-derivedCBD and Delta-8 THC products, as well as Hemp derived products that contain less than 0.3% Delta-9 THC",Likely Cannabis,,frontswere not licenseddispens,25
Entry-25-19,"mentioned store frontswere not licenseddispensaries, thereforwouldonlybepermitted to sell hemp-derivedCBD and Delta-8 THC products, as well as Hemp derived products that contain less than 0.3% Delta-9 THC",Likely Cannabis,,frontswere not licenseddispens,25
Entry-25-20,"and Delta-8 THC products, as well as Hemp derived products that contain less than 0.3% Delta-9 THC",Likely Cannabis,,,25
Entry-25-21,"Cannabis products that were consistentwith the tested Cannabis from the initialpurchases. lt should also be noted that upon scanning some of the QR codes on the pre-rolled Cannabis cigarettes, they would direct the person scanning to a third-party tests' results page, which advertised a higher total",Preroll,,s,25
Entry-25-22,"that upon scanning some of the QR codes on the pre-rolled Cannabis cigarettes, they would direct the person scanning to a third-party tests' results page, which advertised a higher total THC content. This information was readilyavailable to theBabar's as they purchased inventory fortheirstores,knowi",Preroll,,s,25
Entry-25-9,"an undercover capacity to conduct undercover purchases ofCannabis from each location. These purchases were then transportedto theATCC, where they were fieldtestedbyAgentMangold Utilizing theLight Lab 3 Analyzer. Asa resultofthefieldtesting, Cannabis from each storetestedhigherthan the0.3% permittabl",Likely Cannabis,,testedhigherthan the0,25
s,as examples ofthetotal THC ofthepurchasesand pretesteditems. Date Store Purchase Test% 03/18/25 Tobacco Town 3.5 Grams Cannabis 10.7% TotalTHC 03/18/25 Convenience City Inc. 17.5 Grams Cannabis 18.5% Total THC 04/03/25 Smoke StarInc. 7 GramsCannabis 22.7% Total THC,Likely Cannabis,3.5,Purchase Test,25
Entry-71-23,"Thismeans thatbusinesses thatarenotcannabislicenseholders m?ynotsellùuoxicating cannabisproducts, to includeintoxicatinghemp-derivedproducts. This includes edibles, beverages,orother cannabisproducts intended forhumanconsumptionor inhalation thatcontain anytypeofTHCabo?thesúdutoryrestrictions. • Thi",Edible,,,71
Entry-71-24,"cannabisproducts, to includeintoxicatinghemp-derivedproducts. This includes edibles, beverages,orother cannabisproducts intended forhumanconsumptionor inhalation thatcontain anytypeofTHCabo?thesúdutoryrestrictions. • This includes: o Delta-8-THC, Delta-9-THC,andDelta-IO-THC, regardlessofhowderived;",Edible,,,71
Entry-71-25,"beverages,orother cannabisproducts intended forhumanconsumptionor inhalation thatcontain anytypeofTHCabo?thesúdutoryrestrictions. • This includes: o Delta-8-THC, Delta-9-THC,andDelta-IO-THC, regardlessofhowderived; o Anyothercannabinoid, exceptcannabidiol that theMCA determines to cause",Edible,,,71
Entry-71-26,"anytypeofTHCabo?thesúdutoryrestrictions. • This includes: o Delta-8-THC, Delta-9-THC,andDelta-IO-THC, regardlessofhowderived; o Anyothercannabinoid, exceptcannabidiol that theMCA determines to cause intoxication; and",Likely Cannabis,,,71
Entry-71-27,"o Delta-8-THC, Delta-9-THC,andDelta-IO-THC, regardlessofhowderived; o Anyothercannabinoid, exceptcannabidiol that theMCA determines to cause intoxication; and o Any otherchemicallysimilarcompound, substance, derivative, or isomerofTHC, as identified bythe MCA.",Likely Cannabis,,,71
Entry-71-28,"o Any otherchemicallysimilarcompound, substance, derivative, or isomerofTHC, as identified bythe MCA. • Additionally, products thatcontain non-naturallyoccurring cannabinoidsmaynotbesold in Maryland, regardless oflicensure. Accordingly, the ATCCdirectsall businessesthatare notMCAcannabis license hol",Likely Cannabis,,,71
Entry-71-29,"Accordingly, the ATCCdirectsall businessesthatare notMCAcannabis license holders but seD intoxicating cannabisproducts -to includehempderivedproducts -to REMOVE from theirshelvesproducts with a tobl THC concentration greater than 0.5 mgper serving,or2.5 mg ofTHC per package, as well as anyproducts t",Likely Cannabis,,,71
Entry-71-30,"but seD intoxicating cannabisproducts -to includehempderivedproducts -to REMOVE from theirshelvesproducts with a tobl THC concentration greater than 0.5 mgper serving,or2.5 mg ofTHC per package, as well as anyproducts thatcontain non-naturally occurring cannabinoids, such as tetrahydrocannabinol ace",Likely Cannabis,,,71
Entry-71-31,"from theirshelvesproducts with a tobl THC concentration greater than 0.5 mgper serving,or2.5 mg ofTHC per package, as well as anyproducts thatcontain non-naturally occurring cannabinoids, such as tetrahydrocannabinol acetate(fHC-0,ATHC,THC-X, Delta 8-0). • Retailers maystill sell:",Likely Cannabis,,,71
Entry-71-32,"serving,or2.5 mg ofTHC per package, as well as anyproducts thatcontain non-naturally occurring cannabinoids, such as tetrahydrocannabinol acetate(fHC-0,ATHC,THC-X, Delta 8-0). • Retailers maystill sell: o Hemp products not intended forhumanconsumptionorinhalation, such as",Likely Cannabis,,,71
Entry-71-33,"occurring cannabinoids, such as tetrahydrocannabinol acetate(fHC-0,ATHC,THC-X, Delta 8-0). • Retailers maystill sell: o Hemp products not intended forhumanconsumptionorinhalation, such as lotions, balms, salves, orpetCBDproducts.",Likely Cannabis,,,71
Entry-71-34,"o Hemp products not intended forhumanconsumptionorinhalation, such as lotions, balms, salves, orpetCBDproducts. o Productsintended forhumanconsumptionwithonlytrace amountsofTHC in a finishedproduct, such as CBD-dominantgummies oredibles that donothave morethan 0.5 milligrams(mg)ofTHCperserving or 2.",Edible,,,71
Entry-71-35,"o Productsintended forhumanconsumptionwithonlytrace amountsofTHC in a finishedproduct, such as CBD-dominantgummies oredibles that donothave morethan 0.5 milligrams(mg)ofTHCperserving or 2.5 mgofTHC per package. o Hemp-derived tincture maybesold withoutalicense ifthe product contains a",Edible,,,71
Entry-71-36,"finishedproduct, such as CBD-dominantgummies oredibles that donothave morethan 0.5 milligrams(mg)ofTHCperserving or 2.5 mgofTHC per package. o Hemp-derived tincture maybesold withoutalicense ifthe product contains a CBO:THC ratio that isatleast 15:l orgreater, e.g. aproductwith2mgofTHC",Edible,,,71
Entry-71-37,"morethan 0.5 milligrams(mg)ofTHCperserving or 2.5 mgofTHC per package. o Hemp-derived tincture maybesold withoutalicense ifthe product contains a CBO:THC ratio that isatleast 15:l orgreater, e.g. aproductwith2mgofTHC musthave over30 mgofCBD; isdispensed in a containerthat issmallerthan 4",Edible,,,71
Entry-71-38,"o Hemp-derived tincture maybesold withoutalicense ifthe product contains a CBO:THC ratio that isatleast 15:l orgreater, e.g. aproductwith2mgofTHC musthave over30 mgofCBD; isdispensed in a containerthat issmallerthan 4 ounces, withadropperlid; isonly dissolved in oneofthree solvents(alcohol,",Edible,,,71
Entry-71-39,"CBO:THC ratio that isatleast 15:l orgreater, e.g. aproductwith2mgofTHC musthave over30 mgofCBD; isdispensed in a containerthat issmallerthan 4 ounces, withadropperlid; isonly dissolved in oneofthree solvents(alcohol,",Likely Cannabis,,,71
Entry-71-41,"ofbusinesses to identify unlicensedcannabisoperators byinspectingproducts,displayed forsale Advisory#24-002 PageZ issuedDate: July 19,2023 071",Likely Cannabis,,,71
l00,"glycerin, orvegetable oil); andcontains nomorethan l00 milligrams ofTHCper package. • Note: These products mustcomplywith MCA testingand labeling standards. To enforcethe provisions oftheCRA,theATCCwillconductproactivecompliance inspections",Concentrate,,,71
Entry-72-42,"tocustomers,during business hours. Ifintoxicatingcannabisproducts, to include intoxicating hempproducts, areobserved, FEDagentswillconduct furtherinvestigationto determineifthe businesssellingordistributing such products islicensedbytheMCA. Uponconfirmation that thebusiness is notlicensedto sell int",Likely Cannabis,,,72
Entry-72-43,"hempproducts, areobserved, FEDagentswillconduct furtherinvestigationto determineifthe businesssellingordistributing such products islicensedbytheMCA. Uponconfirmation that thebusiness is notlicensedto sell intoxicatingcannabis products, to include intoxicatinghemp derivedproducts,FEDagentswilltake t",Likely Cannabis,,,72
Entry-72-44,"thebusiness is notlicensedto sell intoxicatingcannabis products, to include intoxicatinghemp derivedproducts,FEDagentswilltake the necessary stepstoenforcethe lawagainstbusinesses andindividuals that sellordistributesuchproducts in violation ofthe ABCA. Businessesthatare not MCAcannabis licenseholde",Likely Cannabis,,,72
Entry-72-45,"Businessesthatare not MCAcannabis licenseholders butsell intoxicatingcannabis products, to includehempderivedproducts,afterJuly I, 2023, subjectthemselvestopotential criminal charges andfinespursuantto ABCA§ 36-1102: o A personwho sellsaproductwitha THCconcentration higherthan 0.5 mg per serving or ",Likely Cannabis,,,72
Entry-72-46,"includehempderivedproducts,afterJuly I, 2023, subjectthemselvestopotential criminal charges andfinespursuantto ABCA§ 36-1102: o A personwho sellsaproductwitha THCconcentration higherthan 0.5 mg per serving or 2.5 mg perpackage isguiltyofa misdemeanorandwill be subjectto a fineof up to $5,000.",Likely Cannabis,,,72
Entry-72-47,"o A personwho sellsaproductwitha THCconcentration higherthan 0.5 mg per serving or 2.5 mg perpackage isguiltyofa misdemeanorandwill be subjectto a fineof up to $5,000. o Aperson who sells any productthat contains non-naturallyoccurring cannabinoids is guiltyofamisdemeanor andwill besubject to a fine",Likely Cannabis,,,72
Entry-72-48,"distributing intoxicating cannabisproducts, lo includeintoxicating hemp derived products. These intoxicating cannabis products, includingintoxicatinghempderivedproducts,mustbe removed ordestroyedand maynotbesold. PleaseseeAttachmentA,enclosedwiththis Advisory, which provides examples ofthe typesofpr",Likely Cannabis,,,72
Entry-72-49,"These intoxicating cannabis products, includingintoxicatinghempderivedproducts,mustbe removed ordestroyedand maynotbesold. PleaseseeAttachmentA,enclosedwiththis Advisory, which provides examples ofthe typesofproducts thatare no longerpermitted to be sold without anMCA issuedcannabislicense. Business",Likely Cannabis,,,72
Entry-72-50,"sold without anMCA issuedcannabislicense. Businesses thatare notMCAcannabislicense holders,butcurrentlysell intoxicating cannabisproducts, to include hemp derivedproducts, should review their inventory to identify theseproducts forremoval. Moreinformationabout MCA, including the process to obtain al",Likely Cannabis,,,72
Entry-73-51,"Maryland Alcohol,Tobacco,andCannabisCommissionContacts *Please notethis is newcontact information effectiveJuly I, 2023* • General Information:443-300--6990 o Alcohol&Tobacco Licensing: 410-260-7314 or dlfü·.:-1\.-1Î11g atc(.{t'l)nli\f)'lnnd,gov Alllicensingand renewal inquiries,application",Likely Cannabis,,,73
Entry-73-52,"o Inquiriesregardinga.liAlcoholic BeverageTradePractices. • PlannedPromotionSubmissions orInquiries: !,.llt>lannodP-ro1nc}I_ÏQ!1S at?·Cálman,-1:mtl.guv o WholesalerPromotional ActivitiesFormsubmission,Sweepstakes andContestsapprovals, Wholesalermonthly tastings submissions, Coupons, Packageapprovals",Edible,,,73
Entry-73-53,• MarylandCannabisAdministration:informa1i1m.mmcc{£1!111arylar1d.gov o Contacts: !ll!Py/ttmll'C.mnr_ylnnru;ov/Png_cs/contact-r1s3.aspx • Legal& LegislativeDivision:ùllld-tmlil?cn--:e<ka1umbi:- :1tc-c(!!LJnoJvland.gov o Questionsaboutthecannabisenforcementprocess. • field EnforcementDivision: dlte<J.,Likely Cannabis,,,73
Entry-178-54,"""Flower"" and""CBD/Delta""(detailedin thebelowpicture)comprisesthebulkofsalesforeach ofthe stores. ------1 - - ,·-;----=",Likely Cannabis,,s,178
Entry-179-55,"accounts,listedtoHARFORD BANK,inan acc - oun I ?eldjointlyorindividuallyinthoname of ZAHEER BABAR1 D,0,8. 1/1/1973, SS# AMANDEEP BABAR, D.O.B. SS#-I 7/31/1984, ALL IN ONE FOOD MART, INC. I SMOKE STAR, INC. I TOBACCO TOWN, INC. I BEST CHOICE GROCERY, INC. I SMOKE CITY, INC. I",Preroll,,,179
Entry-238-56,"Endorsements: Cigarette SpecialCigarette OTP ls1!"" Restaurant o Chain D Other o AlcoholCompliance LiquorLicense#: Class/Type: .=.,;;=---==-_..;;..;c...- .=c...-- Llcensee(s): ------------------------------------------- Records: Yes o No o Current: Yes O No O Accessible: Yes O No O Orderly: Yes o No ",Preroll,,,238
Entry-238-57,"Cigarette?upplier. ')7c/.lJ;r í Al) .:¡(<_ / ¡(!r,._/,,i< T l o v baccoC D o e m liv p e l r i y a D n a c t e e: /21 MDStamps: Yesfui No O __..¡.........:<...:.....:.-.L...-- Sa.lesBelowCost: Yes O No O N/A O lnvolc7Available: Yes?- No o t<,,l:_',' OTP Supplier/' J:&L ,-/\L JqQ,/ DeliveryDate: l;::",Preroll,,,238
Entry-239-58,Cannabis/THC O •I ? - Business Info -=-- ----- ----c....: -- e - - - Date: [ Time: County:,Likely Cannabis,,,239
Entry-239-59,"Cigarette JZJ Special Cigarette .IZI OTP.J:J OtherD Alcohol Compliance . LiquorLic. # Class/Type/ ., ,,,. Liquor Licensee(s) N,., /'Í\",Preroll,,,239
Entry-239-60,"Cigarette Supplier: (, Delivery Date: MD Stamps Yes IZf No O (,( 't, ' \ I-, ??t .,,_._ V .. OTP Supplier: j f Delivery Date: OTP Tax Paid Yes IZJ No O (., '\-\ 'i \ J 11I",Preroll,,,239
Entry-242-61,"This means thatbusinesses that are not cannabis license holders may notsell intoxicating cannabisproducts, to include intoxicatinghemp-derivedproducts. This includes edibles, beverages, or other cannabisproducts intended for human consumption or inhalation thatcontain any typeofTHCabovethestatutory ",Edible,,,242
Entry-242-62,"cannabisproducts, to include intoxicatinghemp-derivedproducts. This includes edibles, beverages, or other cannabisproducts intended for human consumption or inhalation thatcontain any typeofTHCabovethestatutory restrictions. • This includes: o Delta-8-THC, Delta-9-THC, andDelta-IO-THC, regardless of",Edible,,,242
Entry-242-63,"beverages, or other cannabisproducts intended for human consumption or inhalation thatcontain any typeofTHCabovethestatutory restrictions. • This includes: o Delta-8-THC, Delta-9-THC, andDelta-IO-THC, regardless ofhow derived; o Any other cannabinoid, exceptcannabidiol thattheMCA determines to cause",Edible,,,242
Entry-242-64,"any typeofTHCabovethestatutory restrictions. • This includes: o Delta-8-THC, Delta-9-THC, andDelta-IO-THC, regardless ofhow derived; o Any other cannabinoid, exceptcannabidiol thattheMCA determines to cause intoxication; and",Likely Cannabis,,,242
Entry-242-65,"o Delta-8-THC, Delta-9-THC, andDelta-IO-THC, regardless ofhow derived; o Any other cannabinoid, exceptcannabidiol thattheMCA determines to cause intoxication; and o Any other chemically similarcompound, substance, derivative, or isomerofTHC, as identified by theMCA.",Likely Cannabis,,,242
Entry-242-66,"o Any other chemically similarcompound, substance, derivative, or isomerofTHC, as identified by theMCA. • Additionally, products that contain non-naturally occurring cannabinoids may not besold in Maryland, regardless oflicensure. Accordingly, the ATCC directs all businesses that are not MCA cannabi",Likely Cannabis,,,242
Entry-242-67,"Accordingly, the ATCC directs all businesses that are not MCA cannabis license holders butselJ intoxicating cannabis products - to include hemp derived products - to REMOVE from their shelvesproducts with a total THC concentration greater than 0.5 mg per serving, or 2.5 mg ofTHC per package, as well",Likely Cannabis,,,242
Entry-242-68,"butselJ intoxicating cannabis products - to include hemp derived products - to REMOVE from their shelvesproducts with a total THC concentration greater than 0.5 mg per serving, or 2.5 mg ofTHC per package, as well as any products thatcontain non-naturally occurring cannabinoids, such as tetrahydroca",Likely Cannabis,,,242
Entry-242-69,"from their shelvesproducts with a total THC concentration greater than 0.5 mg per serving, or 2.5 mg ofTHC per package, as well as any products thatcontain non-naturally occurring cannabinoids, such as tetrahydrocannabinol acetate (THC-O, ATHC, THC-X, Delta 8-0). • Retaílers may still sell:",Likely Cannabis,,,242
Entry-242-70,"serving, or 2.5 mg ofTHC per package, as well as any products thatcontain non-naturally occurring cannabinoids, such as tetrahydrocannabinol acetate (THC-O, ATHC, THC-X, Delta 8-0). • Retaílers may still sell: o Hempproducts not intended forhuman consumption or inhalation, suchas",Likely Cannabis,,,242
Entry-242-71,"occurring cannabinoids, such as tetrahydrocannabinol acetate (THC-O, ATHC, THC-X, Delta 8-0). • Retaílers may still sell: o Hempproducts not intended forhuman consumption or inhalation, suchas lotions, balms, salves, or petCBD products.",Likely Cannabis,,,242
Entry-242-72,"o Hempproducts not intended forhuman consumption or inhalation, suchas lotions, balms, salves, or petCBD products. o Products intended forhuman consumption withonly trace amounts ofTHC in a finished product, suchas CBD-dominant gummiesor edibles that do not have more than 0.5 milligrams (mg) ofTHC p",Edible,,,242
Entry-242-73,"o Products intended forhuman consumption withonly trace amounts ofTHC in a finished product, suchas CBD-dominant gummiesor edibles that do not have more than 0.5 milligrams (mg) ofTHC per serving or 2.5 mgofTHCper package. o Hemp-derived tincture may be sold without a license iftheproduct contains a",Edible,,,242
Entry-242-74,"finished product, suchas CBD-dominant gummiesor edibles that do not have more than 0.5 milligrams (mg) ofTHC per serving or 2.5 mgofTHCper package. o Hemp-derived tincture may be sold without a license iftheproduct contains a CBD:THC ratio that is atleast 15:l or greater, e.g. a product with 2 mg of",Edible,,,242
Entry-242-75,"more than 0.5 milligrams (mg) ofTHC per serving or 2.5 mgofTHCper package. o Hemp-derived tincture may be sold without a license iftheproduct contains a CBD:THC ratio that is atleast 15:l or greater, e.g. a product with 2 mg ofTHC musthave over30 mg ofCBD; is dispensed in acontainer that is smaller ",Edible,,,242
Entry-242-76,"o Hemp-derived tincture may be sold without a license iftheproduct contains a CBD:THC ratio that is atleast 15:l or greater, e.g. a product with 2 mg ofTHC musthave over30 mg ofCBD; is dispensed in acontainer that is smaller than 4 ounces, with a dropperlid; is only dissolved in one ofthree solvents",Concentrate,,,242
Entry-242-77,"CBD:THC ratio that is atleast 15:l or greater, e.g. a product with 2 mg ofTHC musthave over30 mg ofCBD; is dispensed in acontainer that is smaller than 4 ounces, with a dropperlid; is only dissolved in one ofthree solvents (alcohol, glycerin, or vegetable oil); and contains no more than 100 milligra",Concentrate,,,242
Entry-242-78,"glycerin, or vegetable oil); and contains no more than 100 milligrams ofTHCper package. • Note: These products must comply with MCA testing and labeling standards. To enforce theprovisions ofthe CRA, theATCCwill conductproactive complianceinspections",Concentrate,,,242
Entry-242-79,"ofbusinesses to identify unlicensed cannabis operators by inspectingproducts, displayed forsale Advisory #24-002 Page2 Issued Date: July 19,2023 242",Likely Cannabis,,,242
Entry-243-80,"to customers, during business hours. Ifintoxicating cannabis products, to include intoxicating hempproducts, are observed, FED agents will conduct furtherinvestigation to determine ifthe business sellingor distributing suchproducts is licensed bytheMCA. Upon confirmation that the business is not lic",Likely Cannabis,,,243
Entry-243-81,"hempproducts, are observed, FED agents will conduct furtherinvestigation to determine ifthe business sellingor distributing suchproducts is licensed bytheMCA. Upon confirmation that the business is not licensed to sell intoxicatingcannabis products, to include intoxicating hemp derivedproducts, FED ",Likely Cannabis,,,243
Entry-243-82,"the business is not licensed to sell intoxicatingcannabis products, to include intoxicating hemp derivedproducts, FED agentswill take the necessary steps to enforce the law againstbusinesses and individuals that sell or distribute such products in violationofthe ABCA. Businesses thatare not MCA cann",Likely Cannabis,,,243
Entry-243-83,"Businesses thatare not MCA cannabis licenseholders but sell intoxicating cannabis products, to include hempderived products, afterJuly 1, 2023, subjectthemselves to potential criminal charges andfines pursuant to ABCA § 36-1102: o Aperson who sells aproduct with aTHC concentration higherthan 0.5 mg ",Likely Cannabis,,,243
Entry-243-84,"include hempderived products, afterJuly 1, 2023, subjectthemselves to potential criminal charges andfines pursuant to ABCA § 36-1102: o Aperson who sells aproduct with aTHC concentration higherthan 0.5 mg per serving or 2.5 mg perpackage is guilty ofa misdemeanor and will be subject to a fine of upt",Likely Cannabis,,,243
Entry-243-85,"o Aperson who sells aproduct with aTHC concentration higherthan 0.5 mg per serving or 2.5 mg perpackage is guilty ofa misdemeanor and will be subject to a fine of upto $5,000. o A person who sells anyproduct that contains non-naturally occurring cannabinoids is guilty ofa misdemeanor and will be sub",Likely Cannabis,,,243
Entry-243-86,"distributing intoxicating cannabisproducts, to include intoxicating hemp derived products. These intoxicatingcannabis products, including intoxicating hemp derived products, must be removed or destroyed and may not besold. Please see Attachment A, enclosedwith this Advisory, whichprovides examples o",Likely Cannabis,,,243
Entry-243-87,"These intoxicatingcannabis products, including intoxicating hemp derived products, must be removed or destroyed and may not besold. Please see Attachment A, enclosedwith this Advisory, whichprovides examples ofthetypes ofproducts that are no longerpermittedto be sold without an MCA issued cannabis l",Likely Cannabis,,,243
Entry-243-88,"sold without an MCA issued cannabis license. Businesses that are notMCA cannabis license holders, but currently sell intoxicating cannabisproducts, to include hemp derived products, should review their inventory to identify theseproducts forremoval. More informationabout MCA, including the process t",Likely Cannabis,,,243
Entry-243-89,"holders, but currently sell intoxicating cannabisproducts, to include hemp derived products, should review their inventory to identify theseproducts forremoval. More informationabout MCA, including the process to obtain a license and theproduct testing procedures may be found athllps://mmcc.marylamJ",Likely Cannabis,,,243
Entry-243-90,"Division, at dllld-unlicensedcannabis atcc(@.maryland.gov ifyou have any questions aboutthis Advisory or the enforcementprocess. ffyou have any information about businesses continuing to display and sell prohibited products, it should bedirected to our FieldEnforcement Division at dJfed !!.uliçeosed",Likely Cannabis,,,243
Entry-243-91,"!!.uliçeosedcannabisJtcc@mª1:YlanrjgQy . Advisory#24-002 ., - .? Page3 Issued Date: July 19, 2023 ? .... 243",Likely Cannabis,,,243
Entry-244-92,"Maryland Alcohol,Tobacco, and Cannabis Commission Contacts *Please note this is new contact information effectiveJuly 1, 2023* • General Information: 443-300-6990 o Alcohol & Tobacco Licensing: 410-260-7314 or dllicensing atcc@maryland.gov Alllicensingandrenewal inquiries, application",Likely Cannabis,,,244
Entry-244-93,"o Inquiries regarding all Alcoholic BeverageTradePractices. • Planned Promotion Submissions or fnquiries: 41P-lannedpromotions ª_tcc@maryland.gov o Wholesaler Promotional ActivitiesFormsubmission, Sweepstakes and Contests approvals,Wholesalermonthly tastings submissions, Coupons, Package approvals, ",Edible,,,244
Entry-244-94,"• MarylandCannabis Administration: infonnation.mmcc@maryland.goy o Contacts: https;//mmcc.1111uyland.gov/Pages/contact-L1s3.aspx, • Legal & Legislative Division: dllld-unlicensedcannabis aLcc@maryland.gov o Questionsabout the cannabis enforcement process. • Field EnforcementDivision: dlfed-unlicensc",Likely Cannabis,,,244
Entry-244-95,• Legal & Legislative Division: dllld-unlicensedcannabis aLcc@maryland.gov o Questionsabout the cannabis enforcement process. • Field EnforcementDivision: dlfed-unlicenscdcannabis atcc@maryland.gov o 1fyouhave informationabout businesses continuing to displayandsell prohibitedproducts.,Likely Cannabis,,,244
Entry-262-96,"o The property identified in this Notice was confiscated under the provisions of the Alcoholic Beverages Article, Section 6-101 of the Annotated Code of Maryland. If you desire a return of the property, you must file a claim against the Comptroller in the Circuit Court where the seizure occurred wit",Edible,,,262
Entry-263-97,"Endorsements: Cigarette 9' SpecialCigarette f3;t? OTP ? Restaurant o Chain ? Other o AlcoholCompliance /4 ""1 LiquorLicense#: ClassfType: _",Preroll,,,263
Entry-263-98,"CigaretteSupplíer: e:::;... ?( --r¡.. [7 DeliveryDate: /¿1 l.o . L ? MOStamps: Yes? No O SalesBelowCost: Yes O No 'W NIA O InvoicesAvailable: Yesr¡¡!) No O OTPSupplieri __;;G_=_..,_f..,_:l'_,_(_-_..,_£:--'Ï=¿_=------ DeliveryDate: !7.. C:::,. -Z..3 OTPTaxPald: Yes'<;a No O _ OTPSupplier/RetailerLice",Preroll,,,263
Entry-264-99,"o The property identified in this Notice was confiscated under the provisions of the Alcoholic Beverages Article, Section 6-101 of the Annotated Code of Maryland. If you desire a return of the property, you must file a claim againstthe Comptroller in the Circuit Court wherethe seizure occurred withi",Edible,,,264
Entry-265-100,"Endorsements: Cigarette J;z( SpecialCigarette J¡j OTP,Ill Restaurant O Chain ,.0 Other o _/ _,,,.. LiquorLicense#: Records: Yes o No o Current Accessible: Yes O No O Orderly: Yes o No o",Preroll,,,265
Entry-265-101,"CigaretteSupplier: Ge or(\r J"""" te.. I te t DeliveryDate:..:.1..:..1__,_·¡___,.,..,...)""------ MDStamps: Yes,.0' / No O ...) . SalesBelowCost: Yes o No o NIA O InvoicesAvailable: Yeso No o 01'.PSupplier: ? r p' e e 'vJ,, r (' h.-1,?, DeliveryDate:'-'-'_l-'--_..!.,_?_,_J OTPTaxPaid: YesO 111.0--6",Preroll,,,265
Entry-266-102,"Alcohol, Tobacco, and Cannabis Commission 12/15/2023 BestChoiceGrocery Inc 866 Otsego St.",Likely Cannabis,,,266
Entry-266-103,"Alcohol,Tobacco, and CannabisCommission",Likely Cannabis,,,266
Entry-282-104,"• THC Cartridges - 981.2 Grams • THC Oil - 28 Grams • Pre-Rolled Cannabis - 2,066.5 Grams • Pre-Packaged Cannabis - 3,294.75 Grams • THCGummies - 912.13 Grams",Concentrate,981.2,,282
Entry-282-105,"• THC Oil - 28 Grams • Pre-Rolled Cannabis - 2,066.5 Grams • Pre-Packaged Cannabis - 3,294.75 Grams • THCGummies - 912.13 Grams • Suspected Psilocybin Edibles/Gummies - 460 Grams",Concentrate,28.0,,282
Entry-282-106,• THC Cartridges-767 Grams • THCOil - 56Grams • Pre-RolledCannabis - 373.5 Grams • Pre-PackagedCannabis - 613.5 Grams • THCGummies - 345.9Grams,Concentrate,767.0,,282
Entry-282-107,• THCOil - 56Grams • Pre-RolledCannabis - 373.5 Grams • Pre-PackagedCannabis - 613.5 Grams • THCGummies - 345.9Grams • Suspected Psilocybin Edibles/Gummies - 23.8 Grams,Concentrate,56.0,,282
Entry-282-108,"• THC Cartridges - 7,985.4Grams • THC Oil - 374Grams • Pre-RolledCannabis - 3,566.95 Grams • Pre-Packaged Cannabis - 2,128.3 Grams • Loose BulkCannabis -3,057 Grams",Concentrate,985.4,,282
Entry-282-109,"• THC Oil - 374Grams • Pre-RolledCannabis - 3,566.95 Grams • Pre-Packaged Cannabis - 2,128.3 Grams • Loose BulkCannabis -3,057 Grams • THC Edibles/Gummies - 6,348.4 Grams",Concentrate,374.0,,282
Entry-282-110,"• Pre-RolledCannabis - 3,566.95 Grams • Pre-Packaged Cannabis - 2,128.3 Grams • Loose BulkCannabis -3,057 Grams • THC Edibles/Gummies - 6,348.4 Grams • Suspected PsilocybinEdibles/Gummies- 1,453.68 Grams",Edible,566.95,,282
Entry-282-111,"Detective Armiger knows that Maryland is a total THC state, where some states throughout the United",Likely Cannabis,,,282
Entry-282-112,Cannabis sample's total THC must not exceed 0.3% on a dry weight basis. 202500044777 Page4of6 282,Likely Cannabis,,,282
Entry-283-113,"an undercover capacity to conduct undercover purchases ofCannabis from each location. These purchases were then transported to theATCC, where they were field tested by Agent Mangold Utilizing the Light Lab 3 Analyzer. As aresult ofthe field testing, Cannabis from each store tested higherthan the0.3%",Likely Cannabis,,tested higherthan the0,283
Entry-283-114,"As aresult ofthe field testing, Cannabis from each store tested higherthan the0.3% permittable by Maryland State Law. As an example, several ofthe purchases made from the stores were tested prior to obtaining and executing the search and seizure warrants in this investigation. A sampling ofthose pur",Likely Cannabis,,tested higherthan the0,283
Entry-283-116,03/18/25 Tobacco Town 3.5 Grams Cannabis 10.7% Total THC 03/18/25 Convenience City Inc. 17.5 Grams Cannabis 18.5% Total THC 04/03/25 Smoke Star lnc. 7 Grams Cannabis 22.7% Total THC 04/03/25 Smoke City 3.5 Grams Cannabis & 2 8.7%Total THC Pre-Rolled Cannabis,Preroll,3.5,,283
Entry-283-117,03/18/25 Convenience City Inc. 17.5 Grams Cannabis 18.5% Total THC 04/03/25 Smoke Star lnc. 7 Grams Cannabis 22.7% Total THC 04/03/25 Smoke City 3.5 Grams Cannabis & 2 8.7%Total THC Pre-Rolled Cannabis Cigarettes,Preroll,17.5,,283
Entry-283-118,04/03/25 Smoke Star lnc. 7 Grams Cannabis 22.7% Total THC 04/03/25 Smoke City 3.5 Grams Cannabis & 2 8.7%Total THC Pre-Rolled Cannabis Cigarettes,Preroll,7.0,,283
Entry-283-119,04/03/25 Smoke City 3.5 Grams Cannabis & 2 8.7%Total THC Pre-Rolled Cannabis Cigarettes,Preroll,3.5,,283
Entry-283-120,Pre-Rolled Cannabis Cigarettes,Preroll,,,283
Entry-283-121,Cigarettes,Preroll,,,283
Entry-283-122,"gradeCannabis. DetectiveArmigerfurtherconsulted withAgentMangoldoftheATCCwhoadvisedthattheabove mentioned store fronts were not licenseddispensaries, there forwould only be permittedto sell hemp-derived CBD and Delta-8 THC products, as well as Hemp derived products that contain less than 0.3% Delta-",Likely Cannabis,,fronts were not licenseddispen,283
Entry-283-123,"mentioned store fronts were not licenseddispensaries, there forwould only be permittedto sell hemp-derived CBD and Delta-8 THC products, as well as Hemp derived products that contain less than 0.3% Delta-9 THC",Likely Cannabis,,fronts were not licenseddispen,283
Entry-283-124,"and Delta-8 THC products, as well as Hemp derived products that contain less than 0.3% Delta-9 THC",Likely Cannabis,,,283
Entry-283-125,"Cannabis products that were consistent withthe tested Cannabis from the initial purchases. lt should also be noted that upon scanning some of the QR codes on the pre-rolled Cannabis cigarettes, they would direct the person scanning to a third-party tests' results page, which advertised a higher tota",Preroll,,s,283
Entry-283-126,"that upon scanning some of the QR codes on the pre-rolled Cannabis cigarettes, they would direct the person scanning to a third-party tests' results page, which advertised a higher total THC content. This information was readilyavailable to theBabar's as they purchased inventory fortheirstores, know",Preroll,,s,283
s,as examples ofthe total THC ofthe purchases and pretested items. Date Store Purchase Test% 03/18/25 Tobacco Town 3.5 Grams Cannabis 10.7% Total THC 03/18/25 Convenience City Inc. 17.5 Grams Cannabis 18.5% Total THC 04/03/25 Smoke Star lnc. 7 Grams Cannabis 22.7% Total THC,Likely Cannabis,3.5,Purchase Test,283
Entry-287-127,"SinceFebruary 202S,youraffia11tbegan investigatingthedistributionofCannabisby Zaheer Bahar, Rn Asian male, having a date of birth of January Ist, 1973, and bis wife, AmandeepBahar, anAsian female,havinga dateofbirth ofJuly31'1, 1984, utilizingseveral",Likely Cannabis,,,287
Entry-287-128,"products, Cannabldiol (CBD) or hemp derived products, andothertobacco neceasities. The store fronts being utilized to conduct thedistribution activitiesareas follows: l. AlllnOneFood Mart, 15WestBel AirAve,Aberdeen, Maryland 21001 287",Likely Cannabis,,fronts being utilized to condu,287
EV-25,1 Three Pre-Rolled Cigarette Containing Suspected Cannabis EV-25-1244,Preroll,,,335
EV-25,"2 Multi-Color ""Curevana"" Container Containing Suspected Cannabis EV-25-1243",Likely Cannabis,,,335
Entry-336-132,"Cannabisthatwaspurchased fromAll In OneFoodMartonTuesday,March 18th,2025, tested forTetrahydrocannabinol (THC)content. DetectiveArmigermet with AgentMangold, whowouldconduct thetest. Thecannabiswastestedutilizingthe LíghtLab3 CannabisAnalyzer. As aresultofthetest,thepurchased Cannabistested atatotal",Likely Cannabis,,,336
Entry-336-133,"(THC)content. DetectiveArmigermet with AgentMangold, whowouldconduct thetest. Thecannabiswastestedutilizingthe LíghtLab3 CannabisAnalyzer. As aresultofthetest,thepurchased Cannabistested atatotal THC level of1.5%THC. DetectiveP. Armiger #160 Corporal Wolfe#592 SergeantDeVeau#497 Page1",Likely Cannabis,,,336
Entry-336-134,"DetectiveArmigermet with AgentMangold, whowouldconduct thetest. Thecannabiswastestedutilizingthe LíghtLab3 CannabisAnalyzer. As aresultofthetest,thepurchased Cannabistested atatotal THC level of1.5%THC. DetectiveP. Armiger #160 Corporal Wolfe#592 SergeantDeVeau#497 Page1 336",Likely Cannabis,,,336
Entry-336-135,"LíghtLab3 CannabisAnalyzer. As aresultofthetest,thepurchased Cannabistested atatotal THC level of1.5%THC. DetectiveP. Armiger #160 Corporal Wolfe#592 SergeantDeVeau#497 Page1 336",Likely Cannabis,,,336
at 1215,"Tobacco, and Cannabis Commission, located at 1215 EastFortAvenue#300, Baltimore, MD21230, inorderto havethe Cannabisthatwaspurchased fromAll In OneFoodMartonTuesday,March 18th,2025, tested forTetrahydrocannabinol (THC)content. DetectiveArmigermet with AgentMangold, whowouldconduct thetest. Thecannab",Likely Cannabis,,,336
Entry-343-136,"1 White Ziploc StyleBag containing suspected Cannabis labeled ""AK-47SourGarlic Cookie"" 2 Chocolate Bar labeled ""Silly Farms Magic Mushroom Chocolate 7 Grams""",Edible,7.0,,343
Entry-343-137,"2 Chocolate Bar labeled ""Silly Farms Magic Mushroom Chocolate 7 Grams""",Edible,7.0,,343
Entry-346-138,"Afterthe sale, Detective Scroggins returnedto his covertvehicleand eventuallytransportedthe Cannabis totheHarfordCounty DrugTaskForceOfficeforprocessing. Nothing furtherto reportatthis time. Corporal0easel#984 SergeantSives#835",Likely Cannabis,,,346
Entry-348-139,2499.4gofGummies (228 Units) 307.Sg ofPre-rolled Cannabis (195 Units) 603.Sg ofPrepackaged Cannabis (158 Units) 709.Sg ofJarred Cannabis(14 Units) 847.54gofTHC Edibles (286 Units),Edible,,,348
Entry-348-140,307.Sg ofPre-rolled Cannabis (195 Units) 603.Sg ofPrepackaged Cannabis (158 Units) 709.Sg ofJarred Cannabis(14 Units) 847.54gofTHC Edibles (286 Units) 2691.SgofVacuum Sealed BagsofCannabis (6 Units),Edible,,,348
Entry-348-141,"603.Sg ofPrepackaged Cannabis (158 Units) 709.Sg ofJarred Cannabis(14 Units) 847.54gofTHC Edibles (286 Units) 2691.SgofVacuum Sealed BagsofCannabis (6 Units) $78,792.00of USD",Edible,,,348
Entry-348-142,"709.Sg ofJarred Cannabis(14 Units) 847.54gofTHC Edibles (286 Units) 2691.SgofVacuum Sealed BagsofCannabis (6 Units) $78,792.00of USD -=r,,,,./-14( J?ll'tt:)l.,,",Edible,,,348
Entry-348-143,"847.54gofTHC Edibles (286 Units) 2691.SgofVacuum Sealed BagsofCannabis (6 Units) $78,792.00of USD -=r,,,,./-14( J?ll'tt:)l.,, On May 29th, 2025, at approximately 1211 hours,Detective Scroggins #1257 and members ofthe",Edible,,,348
Entry-348-144,"2691.SgofVacuum Sealed BagsofCannabis (6 Units) $78,792.00of USD -=r,,,,./-14( J?ll'tt:)l.,, On May 29th, 2025, at approximately 1211 hours,Detective Scroggins #1257 and members ofthe AberdeenPolice Department enteredthe establishment known as the ""All In One Food Mart"" to serve asearch",Likely Cannabis,,,348
Entry-349-146,"Behindthe front counter, Detectives located largeamounts ofcannabis ontheflooralongwith a digital",Likely Cannabis,,,349
s,"Detectives began asystematic search ofthe store's cabinets for items containing THC content, and items advertised as those that produce psychedelic effects. Behindthe front counter, Detectives located largeamounts ofcannabis ontheflooralongwith a digital",Likely Cannabis,,,349
Entry-350-147,"Detectives also located in adisplay case markedas""Case l"", numerous ediblescontaining suspected psylocibin, aschedule 1 controlleddangeroussubstance, andglassjars containingcannabis. Detective Scroggins",Edible,,,350
Entry-350-148,"psylocibin, aschedule 1 controlleddangeroussubstance, andglassjars containingcannabis. Detective Scroggins",Likely Cannabis,,,350
s,ofpsychedelic gummies. Detective Scroggins seized items from this case as Item #4. Page3 350,Edible,,,350
Entry-351-150,"Detectives located onthe lowershelfofthepedestal, containers containing cannabisresidue. Detective",Likely Cannabis,,,351
s,prepackaged cannabis as well as psychedelic candies. Detective Scroggins seizedthis items as Item #7. Page 4 351,Likely Cannabis,,,351
Entry-356-152,where they located morepsychedelic gummiesontheback wall ofthe,Edible,,,356
Entry-357-153,1 One heat sealed bag containing aziplockbag containingone edible Mushroom gummie. 2 Oneheatsealedbagc-ontainingaziplockbagcontainingthreeprerolledcigars containingaleaftgreensubstance. 3 Oneheatsealed bag containingaziplock bag containing one edibleTHC gummie. 4 Oneheat sealed bag containingaziploc,Edible,,,357
Entry-357-154,2 Oneheatsealedbagc-ontainingaziplockbagcontainingthreeprerolledcigars containingaleaftgreensubstance. 3 Oneheatsealed bag containingaziplock bag containing one edibleTHC gummie. 4 Oneheat sealed bag containingaziplock bag containing a leafy green substance. 5 One heat sealed bag containing aziplock,Edible,,,357
Entry-357-155,3 Oneheatsealed bag containingaziplock bag containing one edibleTHC gummie. 4 Oneheat sealed bag containingaziplock bag containing a leafy green substance. 5 One heat sealed bag containing aziplock bag containing a greenziplock bag contaínnig a sample ofa leafy green substance. 6 One heat sealed bag,Edible,,,357
Entry-367-157,"Behind thefrontcounter, Detectives located largeamounts ofcannabis on the flooralong with adigital",Likely Cannabis,,,367
s,"Detectives begana systematic search ofthe store's cabinets for items containingTHC content, and items advertised asthosethatproducepsychedelic effects. Behind thefrontcounter, Detectives located largeamounts ofcannabis on the flooralong with adigital",Likely Cannabis,,,367
Entry-368-158,"Detectives also located in adisplay case marked as ""Case l"", numerous edibles containing suspected psylocibin, a schedule 1 controlled dangerous substance, and glassjars containing cannabis. Detective Scroggins",Edible,,,368
Entry-368-159,"psylocibin, a schedule 1 controlled dangerous substance, and glassjars containing cannabis. Detective Scroggins",Likely Cannabis,,,368
5,"multiplepackages ofpsychedelic gummies. Detective Scroggins seized this bag as Item #5. Detectives located on the lowershelfofthepedestal, containers containing cannabis residue. Detective",Edible,,,369
Entry-369-162,"Detectives located on the lowershelfofthepedestal, containers containing cannabis residue. Detective",Likely Cannabis,,,369
Entry-384-164,1 One heat sealed bag containing aziplock bag containing oneedible Mushroom gummie. 2 Oneheatsealedbagcontaining aziplockbagcontainingthreeprerolled cigarscontainingaleaf!greensubstance. 3 One heat sealed bag containing aziplock bag containing oneedibleTHC gummie. 4 One heat sealed bag containing az,Edible,,,384
Entry-384-165,2 Oneheatsealedbagcontaining aziplockbagcontainingthreeprerolled cigarscontainingaleaf!greensubstance. 3 One heat sealed bag containing aziplock bag containing oneedibleTHC gummie. 4 One heat sealed bag containing aziplockbag containing a leafygreen substance. 5 One heat sealed bag containing aziplo,Edible,,,384
Entry-384-166,3 One heat sealed bag containing aziplock bag containing oneedibleTHC gummie. 4 One heat sealed bag containing aziplockbag containing a leafygreen substance. 5 One heat sealed bag containing aziplock bag containing agreen ziplock bagcontainnig a sample of a leafy green substance. 6 One heat sealed b,Edible,,,384
EV-25,"1 Multi-Color ""Curevana"" Container Containing Suspected Cannabis EV-25-1241",Likely Cannabis,,,390
Entry-391-169,"Cannabisthatwaspurchased fromBest in ChoiceGroceryInc., onTuesday,March181\2025, testedfor Tetrahydrocannabinol(THC) content. Page1 391",Likely Cannabis,,,391
Entry-391-170,Tetrahydrocannabinol(THC) content. Page1 391,Likely Cannabis,,,391
at 1215,"Tobacco, andCannabisCommission, located at 1215 EastFortAvenue#300,Baltimore,MD 21230, inorderto havethe Cannabisthatwaspurchased fromBest in ChoiceGroceryInc., onTuesday,March181\2025, testedfor Tetrahydrocannabinol(THC) content. Page1 391",Likely Cannabis,,,391
EV-25,1 Three Pre-Rolled Suspected Cannabis Cigarettes EV-25-2827,Preroll,,,400
EV-25,2 Polka Dot Brand Mushroom Chocolate Bar Containing Suspected Psilocybin EV-25-2828,Edible,,,400
Entry-401-173,"Drug Investigation - UC Buy - Three (3)Pre-Rolled Best Choice Grocery Inc. Tobacco Shop Cannabis Joints, Psilocybín Edible - 4 grams - $79.00 Type ofReport: (Initial, Supplement, Final) Address: 866 Ostego Street,Havre De Grace, Supplement Maryland, 21078",Edible,4.0,,401
Entry-401-174,"Cannabis Joints, Psilocybín Edible - 4 grams - $79.00 Type ofReport: (Initial, Supplement, Final) Address: 866 Ostego Street,Havre De Grace, Supplement Maryland, 21078 Assignment:",Edible,4.0,,401
Entry-401-175,"Harford and Cecil County, Maryland selling unregulated marijuana. Further investigation was requested resulting in Detective Armiger ofthe Harford County Sheriff's Office Drug Task Force to begin a controlled dangerous substance (hereinafter CDS). Through investigation it was learned these businesse",Likely Cannabis,,,401
Entry-401-176,"Maryland, 21078 in hopes ofpurchasing marijuana and psylocibin (shrooms) from the business. Detective Testerman was working in an undercovercapacity and thepassengerofthe·covert vehicle, which was parked in the lot ofthe shoppingplaza. Assisting Detective Testerman with this controlled purchase was ",Likely Cannabis,,vehicle,401
Entry-401-177,was the second controlled purchase ofmarijuana and psilocybin (shrooms) from this location. 202500044777 Page 1 of3 401,Likely Cannabis,,,401
Entry-404-178,"1 Ono(1)yellowplasticpre-rolltubelabeled""1Vunch1esJellyHoleMangoTango·containing aJointwithgreena",Preroll,,,404
Entry-404-179,"2 One(1)yelllowplasticpre-roll tubelabeled""MunchiesJellyHolePinapptePoundcake"" containingajointwthgreena",Preroll,,,404
Entry-404-180,"3 One (1) black/green plastic pre-roll tube labeled ""Yoda OG"" containing ajoint withgroen aleafy substanceofsuspected Cannabis,ascheduleIcontrolled dangeroussubstance. ?5.f-1' 4 One(1)greengraphiclabeled""PolkaOot, mushroommagicblendbelgiandarkchocolatemauicoconut twist""",Edible,,,404
Entry-404-181,"withgroen aleafy substanceofsuspected Cannabis,ascheduleIcontrolled dangeroussubstance. ?5.f-1' 4 One(1)greengraphiclabeled""PolkaOot, mushroommagicblendbelgiandarkchocolatemauicoconut twist""",Edible,,,404
Entry-404-182,"4 One(1)greengraphiclabeled""PolkaOot, mushroommagicblendbelgiandarkchocolatemauicoconut twist""",Edible,,,404
s,1 Box ofTHCitems Behind Counter S1230 Det. Smith Page 1 Case Number: 2025-121190 408,Likely Cannabis,,,408
Entry-409-191,"$30,382.50. Totals forthe THC products wereas follows: • 2066.5 grams ofPre-rolled/ flowercannabis • 861.37 grams ofedibleTHC products • 1104gramsofpsylocibinmushrooms • 44 grams of waxTHCproducts",Concentrate,2066.5,,409
Entry-409-192,• 2066.5 grams ofPre-rolled/ flowercannabis • 861.37 grams ofedibleTHC products • 1104gramsofpsylocibinmushrooms • 44 grams of waxTHCproducts • 105.2 gramsofcartridges containingTHC,Concentrate,2066.5,,409
Entry-409-193,• 861.37 grams ofedibleTHC products • 1104gramsofpsylocibinmushrooms • 44 grams of waxTHCproducts • 105.2 gramsofcartridges containingTHC • 50.76 grams ofeditbale THC products,Concentrate,861.37,,409
Entry-409-194,• 44 grams of waxTHCproducts • 105.2 gramsofcartridges containingTHC • 50.76 grams ofeditbale THC products • 3294.75 grams offlower cannabis • 876 grams ofTHC,Concentrate,44.0,,409
Entry-409-195,• 105.2 gramsofcartridges containingTHC • 50.76 grams ofeditbale THC products • 3294.75 grams offlower cannabis • 876 grams ofTHC Page2 CaseNumber: 2025-121190,Cartridge,50.76,,409
Entry-409-196,• 50.76 grams ofeditbale THC products • 3294.75 grams offlower cannabis • 876 grams ofTHC Page2 CaseNumber: 2025-121190 409,Likely Cannabis,50.76,,409
Entry-409-197,• 3294.75 grams offlower cannabis • 876 grams ofTHC Page2 CaseNumber: 2025-121190 409,Likely Cannabis,3294.75,,409
Entry-409-198,• 876 grams ofTHC Page2 CaseNumber: 2025-121190 409,Likely Cannabis,876.0,,409
HSl-7507,11 VariousTHC Products Case#1 HSl-7507 Det.Smith,Likely Cannabis,,,409
S1117,Marijuana S1117,Likely Cannabis,,,409
S1211,9 Various Cannabis Products Shelfbehind counter S1211 Det.Smith,Likely Cannabis,,,409
S645,16 THC Products Case#5 S645 Det. Smith,Likely Cannabis,,,409
S842,10 2 boxesofTHC products Case#2 S842 Det. Smith,Likely Cannabis,,,409
s,5 Case#3 Items -THC ln case 3 S1230/S1211 Det. Smith,Likely Cannabis,,,409
sblue,4 BoxofTHC itemsblue packaging BehindCounter S1230 Det.Smith,Likely Cannabis,,,409
Entry-411-201,"4 1 Bagof variouswaxtypeTHC $200.00 E ?m, O Yes D Yes o No o No ApproximateWeight=28G 5 1 VariouscartridgescontainingTHC $200.00 E",Concentrate,28.0,,411
Entry-411-202,5 1 VariouscartridgescontainingTHC $200.00 E - ·J..--?:J. D Yes D Yes o No o No ApproximateWeight= 105.2G,Cartridge,105.2,,411
sofsuspectedcannabis,"1 1 Variousitemsofsuspectedcannabis/prerolledcannabiscigarettes $200.00 E 0 Yes 0 Yes ., - +'.-r - 1':::. - S O No o No ApproximateWeight=2066.5G",Preroll,2066.5,msofsuspectedcannabis,411
sofsuspectedcannabis,2 1 Variousitemsofsuspectedcannabiseditables $200.00 E 0 Yes O Yes '..l..?? o No o No ApproximateWeight=861.37G 3 1 BagcontainingvariousPsilocybineditables $200.00 E,Likely Cannabis,861.37,msofsuspectedcannabiseditables,411
sofsuspectedcannabis,6 1 Variousitemsofsuspectedcannabiseditables $200.00 E 'Oiif?? D Yes D Yes ONo O No ApproximateWeight=50.76G,Likely Cannabis,50.76,msofsuspectedcannabiseditables,411
sofsuspectedcannabis,7 1 !Variousitemsofsuspectedcannabis $200.00 E ?.J.. ?y O Yes O Yes ONo ONo ApproximateWeight=3294.75G . •CompleteCommentSectionofReverseSide S0-2580,Likely Cannabis,3294.75,msofsuspectedcannabis,411
Entry-417-205,"1 Bag containing 3 prerolled cigarettes suspected Cannabis ;:).':}·??? 2 Bag containing suspected THC gummies 3 bag containing package of suspected Psilocybin gummies f_) -'.'J?? '9', 4 bag containing suspectedwax type THC '.J.'.-i--'w, ':}lt;",Concentrate,,,417
Entry-417-206,"2 Bag containing suspected THC gummies 3 bag containing package of suspected Psilocybin gummies f_) -'.'J?? '9', 4 bag containing suspectedwax type THC '.J.'.-i--'w, ':}lt; 5 bag containing suspected cannabis ?'""' '-'"" q,:x 1 IQ)J I",Concentrate,,,417
Entry-417-207,"3 bag containing package of suspected Psilocybin gummies f_) -'.'J?? '9', 4 bag containing suspectedwax type THC '.J.'.-i--'w, ':}lt; 5 bag containing suspected cannabis ?'""' '-'"" q,:x 1 IQ)J I",Concentrate,,,417
Entry-417-208,"4 bag containing suspectedwax type THC '.J.'.-i--'w, ':}lt; 5 bag containing suspected cannabis ?'""' '-'"" q,:x 1 IQ)J I",Concentrate,,,417
Entry-417-209,"5 bag containing suspected cannabis ?'""' '-'"" q,:x 1 IQ)J I",Likely Cannabis,,,417
s,1 I BoxofTHC items I Behind Counter I S1230 I Det. Smith Page 1 Case Number: 2025-121190 425,Likely Cannabis,,,425
Entry-426-218,"$30,382.50. Totals forthe THC products were as follows: • 2066.5 grams ofPre-rolled/flowercannabis • 861.37 grams ofedible THC products • 1104 grams ofpsylocibinmushrooms • 44 grams of waxTHC products",Concentrate,2066.5,,426
Entry-426-219,• 2066.5 grams ofPre-rolled/flowercannabis • 861.37 grams ofedible THC products • 1104 grams ofpsylocibinmushrooms • 44 grams of waxTHC products,Concentrate,2066.5,,426
Entry-426-220,• 861.37 grams ofedible THC products • 1104 grams ofpsylocibinmushrooms • 44 grams of waxTHC products,Concentrate,861.37,,426
Entry-426-221,• 44 grams of waxTHC products,Concentrate,44.0,,426
Entry-426-223,• 50.76 grams ofeditbale THC products • 3294.75 grams offlowercannabis • 876 grams ofTHC Page 2 Case Number: 2025-121190 426,Likely Cannabis,50.76,,426
Entry-426-224,• 3294.75 grams offlowercannabis • 876 grams ofTHC Page 2 Case Number: 2025-121190 426,Likely Cannabis,3294.75,,426
Entry-426-225,• 876 grams ofTHC Page 2 Case Number: 2025-121190 426,Likely Cannabis,876.0,,426
S1211,9 VariousCannabis Products Shelfbehind counter S1211 Det. Smith,Likely Cannabis,,,426
S645,16 THC Products Case#5 S645 Det.Smith,Likely Cannabis,,,426
S842,10 2 boxesofTHC products Case#2 S842 Det.Smith,Likely Cannabis,,,426
l05,• l05.2 grams ofcartridges containing THC • 50.76 grams ofeditbale THC products • 3294.75 grams offlowercannabis • 876 grams ofTHC Page 2 Case Number: 2025-121190,Cartridge,2.0,,426
s-THC,5 Case#3 Items-THC ln case 3 S1230/S1211 Det. Smith,Likely Cannabis,,,426
sblue,4 BoxofTHC itemsblue packaging Behind Counter S1230 Det. Smith,Likely Cannabis,,,426
Inventory,"Detective Smithcompleted the Search WarrantEvidence Inventory Return Form, the Search Warrant inventory ReportandReturnform, andthe Seized Property form. These forms were electronically senttothe HonorableJudge Alex Allman forsignature. Copies ofthe Search Warrant, signed Search Warrant inventory",Likely Cannabis,,,427
EV-25,2 ContainerContaining Cannabis Flower Labeled Just Dancing EV-25-1245,Flower,,,448
Entry-449-230,"Cannabisthatwas purchased from ConvenienceCity, onTuesday, March 18th, 2025, testedforTetrahydrocannabinol (THC)content. DetectiveArmigermetwith AgentMangold, who wouldconduct thetest. Thecannabi s testedutilizingthe",Likely Cannabis,,,449
Entry-449-231,"(THC)content. DetectiveArmigermetwith AgentMangold, who wouldconduct thetest. Thecannabi s testedutilizingthe",Likely Cannabis,,,449
of18,"LightLab3 CannabisAnalyzer. Asa result ofthetest, the purchased Cannabistestedat atot.a HC evel of18.5%THC, which is higherthanthe limitwhichis allowablebyMarylandstatelaw.Pleases?1ed esults fi rspecificdetails. î.t,,-- ?¿ç¡Sffet.::c *""tGv ___;;:e)??- ??",Likely Cannabis,,,449
Entry-454-234,"On May 2l5t, 2025, Detective Armiger coordinated an undercover buy of Cannabis from Convenience City Inc. utilizing Detective Phipps in an undercover capacity. Once at Convenience City, Inc., Det. Phipps entered thestore, where he purchased one ""STIIZY"" jar containing three pre-rolled cannabiscigare",Preroll,,and leftthe area,454
Entry-454-235,"containing three pre-rolled cannabiscigarettes, two ""ZOUR STASH"" pre-rolled cannabiscigarettes, and one ""MUFFINS"" pre-rolled cannabis cigarette. Detective Phippsthen exited the store and leftthe area. Det. Phipps then tookthe Suspected Cannabis backtothe Harford County DrugTask Force Office,where it",Preroll,,and leftthe area,454
Entry-454-236,"""MUFFINS"" pre-rolled cannabis cigarette. Detective Phippsthen exited the store and leftthe area. Det. Phipps then tookthe Suspected Cannabis backtothe Harford County DrugTask Force Office,where it was packaged and secured in the Special Investigations Division Property Room. This investigation is ma",Preroll,,and leftthe area,454
Entry-454-237,"Det. Phipps then tookthe Suspected Cannabis backtothe Harford County DrugTask Force Office,where it was packaged and secured in the Special Investigations Division Property Room. This investigation is marked open and active. DetectiveArmiger#160 Corporal R. Wolfe#592 Sergeant C. Deveau #497",Likely Cannabis,,,454
MD 21921,"Supplement/6 Pre-Rolled CannabisCigarettes 243 South Bridge St., Elkton, MD 21921 On May 2l5t, 2025, Detective Armiger coordinated an undercover buy of Cannabis from Convenience City Inc. utilizing Detective Phipps in an undercover capacity. Once at Convenience City, Inc., Det. Phipps entered thesto",Preroll,,,454
EV-25,"2 Two ""ZourStash"" Pre-RolledCigarettes Containing Suspected Cannabis EV-25-2447",Preroll,,,455
EV-25,"3 One ""Muffins"" Pre-Rolled Cannabis CigaretteContainingSuspected Cannabis EV-25-2448",Preroll,,,455
Entry-455-238,"1 One""STIIZY""JarContainingThreePre-Rolled CigarettesContainingSuspected CannabisEV-25-2446",Preroll,,,455
Entry-456-241,"grams), Psilocybin Chocolate Edible, Psilocybin L\ ft. < gumrnies and Fizzy Peach Infused Delta-9-TlIC",Edible,,,456
Entry-456-242,gumrnies and Fizzy Peach Infused Delta-9-TlIC,Edible,,,456
Entry-456-243,"Harford and Cecil County, Maryland selling unregulated cannabis. Further investigation was requested resulting in Detective Armigerofthe Harford County Sheriff's Office DrugTask Force to begin a controlled dangerous substance (hereinafter CDS). Through investigation it was learned these businesses w",Likely Cannabis,,,456
Entry-456-244,"purchasingcannabis and psylocibin (shrooms) from the business. DetectiveTesterman was working in an undercover capacity and the passenger ofthe covert vehicle, which was parked in the lot ofthe shopping plaza. AssistingDetective Testerman with this controlled purchase was Sergent Sives, who remained",Likely Cannabis,,vehicle,456
Entry-459-245,CDS Property Sheetwith Fizzy PeachBlissInfused Seltzer Drink Consensual Monitoring AuthorizationForm Photographs ofCDS Copy ofthehand-to-handdrugtransactionwithUM #1 202500044777 Page4of4,Edible,,,459
Entry-460-246,"3 One (1)yellowziploc baggie labeled ""Polaroid X Devour Cosmic Citrus"" gummies ?'\",Edible,,,460
Entry-460-247,"4 One(1)pink/blue""Ointstone""graphicboxlabeled""PolkaDot, mushroommagicblendbelgian chocolateFruityPebbles""",Edible,,,460
Entry-461-248,"One(I) FizzyBlissInfused Seltzer30mgDelta-9 E O Yes O Yes :: T : H ? C v- 1 :; 2 . 0 _ 2 ) C _ a ? n œi).?¥;Ji:/: ::::::::::::::::::::::::::::::: ?No ? ""\Jo ApproximateWeight= I __ ----+----+-----+--",Edible,,,461
Entry-477-249,"""DisplayCasewith Cannabis* *DisplayCase withTHC CartsIPsílocybin* *Wall DisplayPsilocybinGummies* Investigators observed variousTHCIPsilocybin products displayedthroughoutthe storeforpatrons ofthe establishment forsale. As investigators examined each item, they observed various levels ofTHC percenta",Cartridge,3.5,forpatrons ofthe establishment,477
Entry-477-250,"Investigators observed variousTHCIPsilocybin products displayedthroughoutthe storeforpatrons ofthe establishment forsale. As investigators examined each item, they observed various levels ofTHC percentages well above thetotalTHC limit. In one ofthe display cases, investigatorslocated ziplocbaggies c",Likely Cannabis,3.5,forpatrons ofthe establishment,477
Entry-477-251,"establishment forsale. As investigators examined each item, they observed various levels ofTHC percentages well above thetotalTHC limit. In one ofthe display cases, investigatorslocated ziplocbaggies containing eighths (3.5grams) ofcanabis consistent withwhat was locatedin thebackroomnext to the emp",Likely Cannabis,3.5,,477
Entry-477-252,"well above thetotalTHC limit. In one ofthe display cases, investigatorslocated ziplocbaggies containing eighths (3.5grams) ofcanabis consistent withwhat was locatedin thebackroomnext to the empy ziploc baggies. All of",Likely Cannabis,3.5,,477
Entry-477-253,(3.5grams) ofcanabis consistent withwhat was locatedin thebackroomnext to the empy ziploc baggies. All of,Likely Cannabis,3.5,,477
Entry-477-254,"investigators learnedthey obtained their Cannabis, THC andpsylocibin from various distributors to include Cosmic Distro, WMD,American HempDistributor, Demand Vape and Cookies. Another subject described byMEHMOOD was a subjectknown as the""Flower Guy"", a distributor from Pennsylvania. The ""FlowerGuy"" ",Edible,,,477
Entry-477-255,"HempDistributor, Demand Vape and Cookies. Another subject described byMEHMOOD was a subjectknown as the""Flower Guy"", a distributor from Pennsylvania. The ""FlowerGuy"" would deliver directly to thestore with cannabis packagedin the large, heat-sealed bags. Once they receive the delivery these large, h",Edible,3.5,with cannabis packagedin the l,477
Entry-477-256,"described byMEHMOOD was a subjectknown as the""Flower Guy"", a distributor from Pennsylvania. The ""FlowerGuy"" would deliver directly to thestore with cannabis packagedin the large, heat-sealed bags. Once they receive the delivery these large, heat-sealed bags would be opened and repackaged into eighth",Likely Cannabis,3.5,with cannabis packagedin the l,477
Entry-477-257,"distributor from Pennsylvania. The ""FlowerGuy"" would deliver directly to thestore with cannabis packagedin the large, heat-sealed bags. Once they receive the delivery these large, heat-sealed bags would be opened and repackaged into eighths (3.5grams). Investigators further learnedfrom MEHMOOD thatt",Likely Cannabis,3.5,with cannabis packagedin the l,477
Entry-477-258,"to thestore with cannabis packagedin the large, heat-sealed bags. Once they receive the delivery these large, heat-sealed bags would be opened and repackaged into eighths (3.5grams). Investigators further learnedfrom MEHMOOD thatthe store hadrecently started selling ounces (28 grams) of 202500121309",Likely Cannabis,3.5,with cannabis packagedin the l,477
Entry-477-259,"they receive the delivery these large, heat-sealed bags would be opened and repackaged into eighths (3.5grams). Investigators further learnedfrom MEHMOOD thatthe store hadrecently started selling ounces (28 grams) of 202500121309 Page 6of9 477",Likely Cannabis,3.5,hadrecently started selling ou,477
Entry-478-260,the THC percentages as being within range. RANA had onlymetthe ownerofthe businessone time since being employed. RANA confirmed the storehad only recently begunselling ounces ofcannabis for$119.00 about 3 weeks ago. RANA was unaware ofall thevendors utilized by thebusiness. Throughoutthis encounterb,Likely Cannabis,,had only recently begunselling,478
Entry-478-261,employed. RANA confirmed the storehad only recently begunselling ounces ofcannabis for$119.00 about 3 weeks ago. RANA was unaware ofall thevendors utilized by thebusiness. Throughoutthis encounterbothemployees werecooperative withLawEnforcementduring this investigation. Employees wereprovided withco,Likely Cannabis,,had only recently begunselling,478
Entry-478-262,Throughoutthis encounterbothemployees werecooperative withLawEnforcementduring this investigation. Employees wereprovided withcopiesofthesearchwarrant andsignedthe Harford County Sheriff's Office,Likely Cannabis,,,478
Entry-478-263,Employees wereprovided withcopiesofthesearchwarrant andsignedthe Harford County Sheriff's Office,Likely Cannabis,,,478
Entry-478-264,Misc. THC Carts,Cartridge,,,478
Entry-478-265,Psylocibin (Shrooms) Edibles/Gummies,Edible,,,478
Entry-478-266,Pre-Rolled MarijuanaJoint,Preroll,,,478
Entry-478-267,Pre-Packaged Marijuana 202500121309 Page 7of9 478,Likely Cannabis,,,478
Entry-479-268,THC Edibles/Gummies,Edible,,,479
EV-25,"3 bag containing three samples of THC Dabs EV-25- 307:?:,",Concentrate,,,486
Entry-486-270,2 bag containing threesamples ofsuspected Psylocibin (Shrooms) Edibles/GummiesfV•l.5 .. )0J.,Edible,,,486
Entry-486-273,"5 bag containing three samples of Pre-Packaged Cannabis EV?7_<; ß07S - 6 bag containing three samples of Loose Cannabis ç:v.- ?Pi'- ?n 7/o 7 bag containing three samples THC Edibles/ Gummies r;.v,J2. t:;,.,?7,,()77",Edible,,,486
Entry-486-274,"6 bag containing three samples of Loose Cannabis ç:v.- ?Pi'- ?n 7/o 7 bag containing three samples THC Edibles/ Gummies r;.v,J2. t:;,.,?7,,()77",Edible,,,486
Entry-486-275,"7 bag containing three samples THC Edibles/ Gummies r;.v,J2. t:;,.,?7,,()77",Edible,,,486
fV 25,4 bag containing three samples of Cannabis Joints fV 25- ?n71.J .. 5 bag containing three samples of Pre-Packaged Cannabis EV?7_<; ß07S - 6 bag containing three samples of Loose Cannabis ç:v.- ?Pi'- ?n 7/o,Preroll,,,486
w11,1 bag containing three samples ofsuspected THC CartridgesEv42s?w11 2 bag containing threesamples ofsuspected Psylocibin (Shrooms) Edibles/GummiesfV•l.5 .. )0J.,Cartridge,,,486
Entry-503-276,"*Display Casewith Cannabis* *Display CasewithTHC Carts/Psilocybin* *Wall Display Psilocybin Gummies* Investigators observed variousTHC/Psilocybinproducts displayed throughout the store for patrons ofthe establishmentfor sale. As investigators examined each item, they observed various levelsofTHC per",Cartridge,3.5,for patrons ofthe establishmen,503
Entry-503-277,"Investigators observed variousTHC/Psilocybinproducts displayed throughout the store for patrons ofthe establishmentfor sale. As investigators examined each item, they observed various levelsofTHC percentages well abovethe total THC limit. Inone ofthe display cases, investigators located ziploe baggi",Likely Cannabis,3.5,for patrons ofthe establishmen,503
Entry-503-278,"establishmentfor sale. As investigators examined each item, they observed various levelsofTHC percentages well abovethe total THC limit. Inone ofthe display cases, investigators located ziploe baggies containing eighths (3.5grams) ofcanabis consistentwith whatwas located in the backroom next to the ",Likely Cannabis,3.5,,503
Entry-503-279,"well abovethe total THC limit. Inone ofthe display cases, investigators located ziploe baggies containing eighths (3.5grams) ofcanabis consistentwith whatwas located in the backroom next to the empy ziploc baggies. All of",Likely Cannabis,3.5,,503
Entry-503-280,(3.5grams) ofcanabis consistentwith whatwas located in the backroom next to the empy ziploc baggies. All of,Likely Cannabis,3.5,,503
Entry-503-281,"investigators learned they obtained theirCannabis, THC and psylocibin from various distributorsto include Cosmic Distro, WMD, American HempDistributor, Demand Vape and Cookies. Another subject described by MEHMOOD was asubject known as the ""FlowerGuy"", a distributorfrom Pennsylvania. The ""Flower Guy",Edible,,,503
Entry-503-282,"HempDistributor, Demand Vape and Cookies. Another subject described by MEHMOOD was asubject known as the ""FlowerGuy"", a distributorfrom Pennsylvania. The ""Flower Guy"" would deliverdirectly to the store with cannabis packaged inthe large, heat-sealed bags. Once they receivethe deliverythese large, he",Edible,3.5,with cannabis packaged inthe l,503
Entry-503-283,"described by MEHMOOD was asubject known as the ""FlowerGuy"", a distributorfrom Pennsylvania. The ""Flower Guy"" would deliverdirectly to the store with cannabis packaged inthe large, heat-sealed bags. Once they receivethe deliverythese large, heat-sealed bags wouldbe opened and repackaged into eighths ",Likely Cannabis,3.5,with cannabis packaged inthe l,503
Entry-503-284,"distributorfrom Pennsylvania. The ""Flower Guy"" would deliverdirectly to the store with cannabis packaged inthe large, heat-sealed bags. Once they receivethe deliverythese large, heat-sealed bags wouldbe opened and repackaged into eighths (3.5grams). Investigators furtherlearnedfrom MEHMOOD thatthe s",Likely Cannabis,3.5,with cannabis packaged inthe l,503
Entry-503-285,"to the store with cannabis packaged inthe large, heat-sealed bags. Once they receivethe deliverythese large, heat-sealed bags wouldbe opened and repackaged into eighths (3.5grams). Investigators furtherlearnedfrom MEHMOOD thatthe store had recently started selling ounces (28 grams) of 202500121309 P",Likely Cannabis,3.5,with cannabis packaged inthe l,503
Entry-503-286,"they receivethe deliverythese large, heat-sealed bags wouldbe opened and repackaged into eighths (3.5grams). Investigators furtherlearnedfrom MEHMOOD thatthe store had recently started selling ounces (28 grams) of 202500121309 Page6of8 503",Likely Cannabis,3.5,had recently started selling o,503
Entry-504-287,theTHC percentages as beingwithin range. RANA had only metthe ownerofthe business onetime since being employed. RANA confirmedthe store had only recently begun selling ounces ofcannabis for$119.00 about3 weeks ago. RANA was unaware ofall the vendors utilized by the business. Throughoutthis encounter,Likely Cannabis,,had only recently begun sellin,504
Entry-504-288,employed. RANA confirmedthe store had only recently begun selling ounces ofcannabis for$119.00 about3 weeks ago. RANA was unaware ofall the vendors utilized by the business. Throughoutthis encounter bothemployees were cooperative with LawEnforcementduringthis investigation. Employees wereprovidedwit,Likely Cannabis,,had only recently begun sellin,504
Entry-504-289,Throughoutthis encounter bothemployees were cooperative with LawEnforcementduringthis investigation. Employees wereprovidedwithcopies ofthe searchwarrant and signed the Harford County Sheriff's Office,Likely Cannabis,,,504
Entry-504-290,Employees wereprovidedwithcopies ofthe searchwarrant and signed the Harford County Sheriff's Office,Likely Cannabis,,,504
Entry-504-291,Misc. THC Carts,Cartridge,,,504
Entry-504-292,Psylocibin {Shrooms) Edibles /Gummies,Edible,,,504
Entry-504-293,Pre-Rolled MariiuanaJoint,Preroll,,,504
Entry-505-294,THC Edibles/ Gummies,Edible,,,505
EV-25,2 Two Pre-Rolled Cigarettes Containing Suspected Cannabis EV-25-1870,Preroll,,,509
Entry-509-295,1 Multi-ColorContainerLabeledCurevanaTHC-AFlowerWhiteRuntzContainingLeafyGreenSubstanceEV-25-1869,Likely Cannabis,,,509
Entry-510-298,"Cannabis that waspurchasedfromSmokeCityonThursday,Afí;f 03rd,2025, testedforTetrahydrocannabinol (THC) content. DetectiveArmigermet with AgentMangold, who would conductthe test. Thecannabi as testedutilizingthe LightLab3 CannabisAnalyzer. As a result ofthetest, thepurchasedCannabistestedat ato TH ev",Likely Cannabis,,,510
Entry-510-299,"LightLab3 CannabisAnalyzer. As a result ofthetest, thepurchasedCannabistestedat ato TH eve! of8.7%THC, all? whichrt-'1:??;mit which is ?eas•5· results fo. specific details. Detective P. Armiger#160 Corporal Wolfe#592 ergeant DeVeau #497 Page 1",Likely Cannabis,,,510
Entry-522-300,1 Three Pre-Rolled Cigarettes Containing Suspected Cannabis,Preroll,,,522
Entry-523-301,THC blunt window,Preroll,,,523
Entry-524-302,"include boxesofprerolls, gummiesand vapes. 202500121189 524",Edible,,,524
Entry-529-304,Pre rolled THC cigarettes: 373.5 grams Cannabis (flower): 613.5 grams DABS (concentrated oil cannabis): 56 grams,Concentrate,373.5,,529
Entry-529-305,Cannabis (flower): 613.5 grams DABS (concentrated oil cannabis): 56 grams THC vapes/carts: 767 grams,Concentrate,613.5,,529
Entry-529-306,DABS (concentrated oil cannabis): 56 grams THC vapes/carts: 767 grams THC Gummies: 345.9 grams,Concentrate,56.0,,529
Entry-529-307,THC vapes/carts: 767 grams THC Gummies: 345.9 grams 202500121189,Cartridge,767.0,,529
Entry-529-308,THC Gummies: 345.9 grams 202500121189 529,Edible,345.9,,529
S,TOTAL WEIGHTS OF THC/PSJLOCYBIN ITEMS: Psilocybin: 23.8 grams Pre rolled THC cigarettes: 373.5 grams,Preroll,23.8,,529
Entry-530-309,withemployee GuilhermeSousa.,Likely Cannabis,,,530
Entry-539-310,Drua Chemistrv THC percentage CrimeLADU•0nty: LIST OF ARTICLES FSDExhibit#,Likely Cannabis,,,539
Entry-539-311,1 bag containing two samplecontainers of suspectedTHC flower 2 bag containing two sample hypridstlllzypre rolled the,Preroll,,,539
Entry-539-312,2 bag containing two sample hypridstlllzypre rolled the,Preroll,,,539
Entry-539-314,4 bag containing two sample Hash Hole pre rolled the ' 5 bag containing two sample THC dabs,Concentrate,,,539
Entry-539-315,5 bag containing two sample THC dabs,Concentrate,,,539
cun01,3 bag containing two sample cookie berry pre rolled the FV 1 cun01 4 bag containing two sample Hash Hole pre rolled the ' 5 bag containing two sample THC dabs,Concentrate,,,539
Entry-551-316,THC blunt window,Preroll,,,551
Entry-552-317,"includeboxes ofprerolls, gummies and vapes. 202500121189 552",Edible,,,552
Entry-557-319,Pre rolled THC cigarettes: 373.5 grams Cannabis (flower): 613.5 grams DABS (concentrated oil cannabis): 56 grams,Concentrate,373.5,,557
Entry-557-320,Cannabis (flower): 613.5 grams DABS (concentrated oil cannabis): 56 grams THC vapes/carts: 767 grams,Concentrate,613.5,,557
Entry-557-321,DABS (concentrated oil cannabis): 56 grams THC vapes/carts: 767 grams THC Gummies: 345.9 grams,Concentrate,56.0,,557
Entry-557-322,THC vapes/carts: 767 grams THC Gummies: 345.9 grams 202500121189,Cartridge,767.0,,557
Entry-557-323,THC Gummies: 345.9 grams 202500121189 557,Edible,345.9,,557
S,TOTAL WEIGHTS OF THC/PSILOCYBIN ITEMS: Psilocybin: 23.8 grams Pre rolled THC cigarettes: 373.5 grams,Preroll,23.8,,557
Entry-558-324,withemployee Guilherme Sousa.,Likely Cannabis,,,558
s,All items were properly packaged and placed into property. Samples of the suspected THC items and,Likely Cannabis,,,558
Entry-560-326,Drug Chemistry THC percentage CrimeLabUseOnly: LIST OF ARTICLES FSD Exhibit#,Likely Cannabis,,,560
Entry-560-327,2 bag containing three samples the gummies 3 bag containing three samples the cartridge,Cartridge,,,560
Entry-560-328,3 bag containing three samples the cartridge,Cartridge,,,560
Entry-561-329,1 bag containing three samples the cartridge,Cartridge,,,561
Entry-562-330,1 bag containing two sample containers ofsuspectedTHC flower 2 bag containing two sample hyprid stlllzy pre rolled the 3 bag containing two sample cookie berry pre rolled the 4 bag containing two sample Hash Hole pre rolled the 5 bag containing two sample THC dabs,Concentrate,,,562
Entry-562-331,2 bag containing two sample hyprid stlllzy pre rolled the 3 bag containing two sample cookie berry pre rolled the 4 bag containing two sample Hash Hole pre rolled the 5 bag containing two sample THC dabs,Concentrate,,,562
Entry-562-332,3 bag containing two sample cookie berry pre rolled the 4 bag containing two sample Hash Hole pre rolled the 5 bag containing two sample THC dabs,Concentrate,,,562
Entry-562-333,4 bag containing two sample Hash Hole pre rolled the 5 bag containing two sample THC dabs,Concentrate,,,562
Entry-562-334,5 bag containing two sample THC dabs,Concentrate,,,562
Entry-563-335,1 bag containing three samples the gummies,Edible,,,563
Entry-564-336,"Psilocybin Mushrooms (Vape, Chocolate barandgum,nies) (E) Oves Oves",Edible,,,564
Entry-564-337,"ore rolled cannabisinvarious oackacíno:... OYes OVes 2 :n L-··l?h,.,lo? 1 $0 (e) ŒJNo (&]No ApproximateWeight= 373.5 grams",Likely Cannabis,373.5,,564
Entry-564-338,Flowercannabisinvariousoackaaina located in box OYes OYes 3 labeled 1 $0 (e) @No (x]No ApproximateWeight= 613.5grams,Likely Cannabis,613.5,,564
Entry-564-339,"Cannabis dabsinvariousoackaaina :.- t-,-' in hnv .. OYes OYes 4 1 $0 (e) li)No li)No ApproximateWeight= !Jograms",Concentrate,,,564
Entry-587-340,Drug Chemistry THCpercentage Crime LabUseOnly: LIST OF ARTICLES FSD Exhibit#,Likely Cannabis,,,587
Entry-587-341,1 bag containing two sample containers of suspected THC flower 2 bag containing two sample hyprid stlllzy pre rolled the 3 bag containing two sample cookie berry pre rolled the AJ 1JU.00\ ' 4 bag containing two sample Hash Hole pre rolled the,Concentrate,,,587
Entry-587-342,2 bag containing two sample hyprid stlllzy pre rolled the 3 bag containing two sample cookie berry pre rolled the AJ 1JU.00\ ' 4 bag containing two sample Hash Hole pre rolled the 5 bag containing two sample THC dabs,Concentrate,,,587
Entry-587-343,3 bag containing two sample cookie berry pre rolled the AJ 1JU.00\ ' 4 bag containing two sample Hash Hole pre rolled the 5 bag containing two sample THC dabs,Concentrate,,,587
Entry-587-344,4 bag containing two sample Hash Hole pre rolled the 5 bag containing two sample THC dabs,Concentrate,,,587
Entry-587-345,5 bag containing two sample THC dabs,Concentrate,,,587
Entry-588-346,Drug Chemistry THC percentage trima LabùseOnly: LIST OF ARTICLES FSD Exhibit# Hem# Description,Likely Cannabis,,,588
Entry-588-347,"2 bag containing three samples the gummies rv 1 lt Inf ..,_. 3 bag containing three samples the cartridge - '",Cartridge,,,588
Entry-588-348,"3 bag containing three samples the cartridge - ' """,Cartridge,,,588
Entry-589-349,"they metwith Det. Armiger, who tookcustodyofthe purchased Cannabis. Det. Armigerthen tooktheCannabis backto the Harford County DrugTask Force Office, where itwas packaged and secured in theSpecial Investigations Division Property Room. Det. Armigerwill transportthe",Likely Cannabis,,,589
Entry-589-350,"Det. Armigerthen tooktheCannabis backto the Harford County DrugTask Force Office, where itwas packaged and secured in theSpecial Investigations Division Property Room. Det. Armigerwill transportthe",Likely Cannabis,,,589
at 1215,"suspected Cannabis to the Alcohol, Tobacco, and Cannabis Commission, located at 1215 E. Fort Ave. #300,",Likely Cannabis,,,589
EV-25,1 Tan & ClearBag Containing a Green Leafy Substance EV-25-1863,Flower,,,595
Entry-596-353,Tan & ClearBag Containing Suspected Cannabis 1 1 t----···--··· ·-···- OYes OYes - -· $30 E [ZINo 00No ·-· Approx?ate Weight= 3.5 Grams ...,Likely Cannabis,3.5,,596
Entry-596-354,2 1 Susoected Cannabis OYes OVes ·- $25 E IK]No IZ) No ApproximateWeight= 3.5 Grams .. OVes Oves ···- ONo ONo,Likely Cannabis,3.5,,596
Entry-600-355,"1 GreenZiplocStyleBag labeled""KosherKushGelato42Hybrid""ContainingSuspectedCannabisEV-25-2454 2 BlueZiplocStyleBagLabeled""DesertStardustMushroomGummies""ContainingSuspectedPsllocybinEV-25-2455",Edible,,,600
Entry-600-356,"2 BlueZiplocStyleBagLabeled""DesertStardustMushroomGummies""ContainingSuspectedPsllocybinEV-25-2455",Edible,,,600
Entry-601-357,"e ontroIl e d D an:?erous s u b s tanees - CDS HarfordCountySheriff'sOffice I J. Sabm1ttlJlgManber: 2. IDNo: 13. Shll\Aul¡no,coc: 1 ·?;;?;;rd: I s.?;;???777",Concentrate,,,601
Entry-601-358,"1 1 .... ""Gelato 42 H}'.brid"" containing susoected Cannabis $30 E Œ O !N V o es O Œ!N Y o es -?------·-- ---·- ApproximateWeight- 3.5 Grams ..ß.Jua.zipJiu¡_st){le_b.aggj.e...lslJ?.?led ""RoadTrip"" 2 1 __""DesertStardust Mushroom Gummies"" -· $25 E O [il v N e o s l 0 î Y lN e o s ApproximateWeight> 8 G",Edible,3.5,,601
Entry-601-359,"2 1 __""DesertStardust Mushroom Gummies"" -· $25 E O [il v N e o s l 0 î Y lN e o s ApproximateWeight> 8 Gummies Oves 0Yes ··- 0No 0No ApproximateWeight=",Edible,,,601
Entry-601-360,ApproximateWeight> 8 Gummies Oves 0Yes ··- 0No 0No ApproximateWeight= Oves 0Yes,Edible,,,601
Entry-610-362,"totalof2,094.15grams ofTHC",Likely Cannabis,94.15,,610
Entry-610-364,ofTHC,Likely Cannabis,,,610
Entry-610-366,grams ofTHC,Likely Cannabis,,,610
Entry-610-368,containing 1.314.5grams ofTHC,Likely Cannabis,314.5,,610
Entry-610-370,containing956 grams ofTHC,Likely Cannabis,,,610
Entry-610-372,956grams ofTHC,Likely Cannabis,956.0,,610
s,• Dabs -39 items containing 71grams ofTHC,Concentrate,71.0,,610
s,• Carts-100 items containing 200 grams ofTHC,Cartridge,200.0,,610
s,"• Pre-Rolled ""Joints"" -799 items containing 1.314.5grams ofTHC",Preroll,314.5,,610
s,• Prepackaged Flower - 113 items containing956 grams ofTHC,Likely Cannabis,,,610
s,• Raw Flower- 16items containing 956grams ofTHC,Likely Cannabis,956.0,,610
scontaininga,"• Gummies - 654Itemscontaininga totalof2,094.15grams ofTHC",Edible,94.15,,610
3,"Item #3 was THC related products. Detective Buettner seized 1,504 THC related products fromthe store.",Likely Cannabis,,,632
Entry-632-375,THC count. Belowis amoredetailed breakdown ofthe THC count;,Likely Cannabis,,,632
s,"Intotal, 4,905.77 grams ofTHC was seized from the business. These items ranged fromvarious edibles, vapes,",Edible,905.77,the business,632
s,"• Gummies - 654 items containing atotal of2,094.15 grams ofTHC",Edible,94.15,,632
s,• Dabs- 39 items containing 71 grams ofTHC,Concentrate,71.0,,632
s,• Carts - 100 items containing 200 grams ofTHC,Cartridge,200.0,,632
s,"• Pre-Rolled""Joints"" - 799 items containing 1.314.5 grams ofTHC",Preroll,314.5,,632
s,• Raw Flower- 16 items containing 956 grams ofTHC 20500121192 Page3 632,Likely Cannabis,956.0,,632
scontaining,• Prepackaged Flower- 113 itemscontaining 956 grams ofTHC,Likely Cannabis,956.0,,632
Entry-633-382,(Example ofGummies seized),Edible,,,633
Entry-655-383,Description : PLASTICTUBECONTAININGCANNABIS I 655 Print Date: 06/23/2025 21:53 Page 7of7,Likely Cannabis,,,655
Entry-656-384,"1 Zip-lock bag with a plastic bag containing suspected Psilocybin gummieslt·l?• ?7l 2 Zip-Lock bag with suspected Cannabis f'JI. J<· ?6 7a 3 Zip- Lock bag with a package containing suspected THC edibles!V·l$""·_J,1.3 4 Zip-Lock bag with a box containing suspected THC vape cartridge¡.y-?.2.'1')L{ 5 Zi",Cartridge,,,656
Entry-656-385,"2 Zip-Lock bag with suspected Cannabis f'JI. J<· ?6 7a 3 Zip- Lock bag with a package containing suspected THC edibles!V·l$""·_J,1.3 4 Zip-Lock bag with a box containing suspected THC vape cartridge¡.y-?.2.'1')L{ 5 Zip-Lock bag with plastictube containing suspected Cannabis Bl·?S. ,.,16",Cartridge,,,656
Entry-656-386,"3 Zip- Lock bag with a package containing suspected THC edibles!V·l$""·_J,1.3 4 Zip-Lock bag with a box containing suspected THC vape cartridge¡.y-?.2.'1')L{ 5 Zip-Lock bag with plastictube containing suspected Cannabis Bl·?S. ,.,16",Cartridge,,,656
Entry-656-387,"4 Zip-Lock bag with a box containing suspected THC vape cartridge¡.y-?.2.'1')L{ 5 Zip-Lock bag with plastictube containing suspected Cannabis Bl·?S. ,.,16",Cartridge,,,656
Entry-656-388,"5 Zip-Lock bag with plastictube containing suspected Cannabis Bl·?S. ,.,16",Likely Cannabis,,,656
is,Each item is a sample of a larger batch perthattype ofsuspected CDS,Likely Cannabis,,,656
Entry-662-390,"cannabis. Afterthe sale, Detective Scrogginsreturnedto his covertvehicle andtransportedthe Cannabisto the Harford County DrugTask Force Office forprocessing. Nothing furtherto reportatthis time. Corporal Deasel#984",Likely Cannabis,,,662
Entry-662-391,"Afterthe sale, Detective Scrogginsreturnedto his covertvehicle andtransportedthe Cannabisto the Harford County DrugTask Force Office forprocessing. Nothing furtherto reportatthis time. Corporal Deasel#984 SergeantSives#835",Likely Cannabis,,,662
EV-25,1 Popart Bag Containing Suspected Cannabis EV-25-1242,Likely Cannabis,,,663
Entry-664-394,"Cannabis thatwaspurchased fromTobaccoTownonTuesday, March 181\ 2025, testedforTetrahydrocannabinol (THC} content. DetectiveArmigermetwithAgentMangold, who wouldconduct the test. Toe cannabiswas testedutilizing the LightLab 3 Cannabis Analyzer. Asaresult ofthetest,thepurchased Cannabis testedata t 'H",Likely Cannabis,,,664
Entry-664-395,"DetectiveArmigermetwithAgentMangold, who wouldconduct the test. Toe cannabiswas testedutilizing the LightLab 3 Cannabis Analyzer. Asaresult ofthetest,thepurchased Cannabis testedata t 'HC levelof10.7% THC, which is higherthanthelegal limitof2.5?%, whichisallo?wablebyMarylandstate law. easese attache",Likely Cannabis,,,664
Entry-664-396,"LightLab 3 Cannabis Analyzer. Asaresult ofthetest,thepurchased Cannabis testedata t 'HC levelof10.7% THC, which is higherthanthelegal limitof2.5?%, whichisallo?wablebyMarylandstate law. easese attached results for specific details. f I?",Likely Cannabis,,,664
Entry-676-400,"safekeeping. Detective Armigerwill transportthe Cannabistothe MarylandCannabisCommission, whereit will be analyzed and asupplementwill beperformed. This investigation is ongoing. Detective P. Armiger#160 Corporal Wolfe#592 SergeantDeveau #497 Page 1",Likely Cannabis,,,676
MD 21040,"Supplement 7 Grams Cannabis 1711 Pulaski Highway, Edgewood, MD 21040",Likely Cannabis,7.0,,676
On 02,"On 02/26/2025 atapproximately 1300 hrs., DetectiveArmiger#160 madecontactwithCl#1378forthepurposeof",Likely Cannabis,,,676
room,"Onceback atthe Task Force Office,Detective Armigerplaced theCannabis in the locked evidenceroom for safekeeping. Detective Armigerwill transportthe Cannabistothe MarylandCannabisCommission, whereit will be analyzed and asupplementwill beperformed. This investigation is ongoing. Detective P. Armiger#",Likely Cannabis,,,676
Entry-677-401,"1 Multi-ColorContainerLabeled""Curevana Delta 10THCFlower""ContainingaLeafyGreenSubstanceEV-25-1082 Theundersignedherebycertifiesthattheabovelistedevídeocesubmittedinthiscase,whilelncustody,remainedandwasdeliveredtotheperson/locationIndicated onthedateandtime statedlnessentfalfythesameconditionaswhenr",Likely Cannabis,,Indicated onthedateandtime sta,677
Entry-678-402,"?urevana Brand Delta 1O THC Flower I [] [] 530.00 ? ??s ??s ----· ,..., _ n,·--• i-------i?-----i ApproximateWeight- 11 (.;,rams I ·-····-· 0Ycs OYes",Likely Cannabis,,,678
Entry-683-403,"1 BlueZîplocStyle Bag labeled""Cannabis Flower"" containingSuspected Cannabis 2 Blue ZiplocStyleBag labeled""DesertStardust Mushroom Gummíes""suspected Psilocybin",Flower,,,683
Entry-684-404,"Blue Ziploc ?-?e Bag?ie labeled ""CannabisFlower""··- 1 1 . containing suspected Cannabis Oves Oves $30 E ?No Œ!No ,-... ApproximateWeight= 3.5Grams ..---· -8.luazip.loc...sMe...baggj.e._1ª_b?l?d ""Road Trip""",Likely Cannabis,3.5,,684
Entry-684-405,"1 1 . containing suspected Cannabis Oves Oves $30 E ?No Œ!No ,-... ApproximateWeight= 3.5Grams ..---· -8.luazip.loc...sMe...baggj.e._1ª_b?l?d ""Road Trip"" 2 1 ""Desert StardustMushroom Gummies"" Oves OVes",Edible,3.5,,684
Entry-684-406,"2 1 ""Desert StardustMushroom Gummies"" Oves OVes --··· $25 E !XINo lî]No ApproximateWeight= 8 Gummies - OVes Oves ·- -·-·-· 0No 0No",Edible,,,684
Entry-684-407,ApproximateWeight= 8 Gummies - OVes Oves ·- -·-·-· 0No 0No ApproximateWeight= ·-· O Yes Oves,Edible,,,684
Entry-687-408,"Afterthe sale, Detective ...,..,rogginsreturnedto hiscovertvehicle a.?-.. eventuallytransported the Cannabis to the Harford County Drug TaskForce Officeforprocessing. Nothing further to reportatthis time. Page2 687",Likely Cannabis,,,687
Entry-693-409,"• 2918.3 gramsTHC • 616.6grams Psilocybin This report is in reference to a search and seizure warrant that was conducted at Tobacco Town, located at",Likely Cannabis,616.6,,693
Entry-693-410,"THC and Psilocybin products illegally in Harford County, Maryland.",Likely Cannabis,,,693
Entry-694-411,"Tobacco Townhad a vast array ofTHC andpsilocybin products throughout thebusiness to includepre rolled suspectedmarihuana""blunts"", ""suspected THC gummies"", ""suspected THCvapes"", suspected loose marihuana, and suspectedpsilocybin. Page2 694",Edible,,,694
Entry-694-412,"rolled suspectedmarihuana""blunts"", ""suspected THC gummies"", ""suspected THCvapes"", suspected loose marihuana, and suspectedpsilocybin. Page2 694",Edible,,,694
Entry-694-413,"marihuana, and suspectedpsilocybin. Page2 694",Likely Cannabis,,,694
Entry-696-414,• 2918.3gramsTHC • 616.6grams Psilocybin,Likely Cannabis,616.6,,696
Entry-703-415,"1 Don't panic, it's organic cannibis flower, suspected marihuana 2 Muffins pre-roll vanilla bean dream, suspected marihuana 3 THC-O Gummies 2 pack, suspected THC 4 Modus Platnium blend diamond sauce CB9A + THC-P, suspectedTHC 5 Road trip desert stardust mushroom gummies, suspected Psilocybin",Edible,,,703
Entry-703-416,"2 Muffins pre-roll vanilla bean dream, suspected marihuana 3 THC-O Gummies 2 pack, suspected THC 4 Modus Platnium blend diamond sauce CB9A + THC-P, suspectedTHC 5 Road trip desert stardust mushroom gummies, suspected Psilocybin ***Analysis forCDS and purity***",Edible,,,703
Entry-703-417,"3 THC-O Gummies 2 pack, suspected THC 4 Modus Platnium blend diamond sauce CB9A + THC-P, suspectedTHC 5 Road trip desert stardust mushroom gummies, suspected Psilocybin ***Analysis forCDS and purity*** s",Edible,,,703
Entry-703-418,"4 Modus Platnium blend diamond sauce CB9A + THC-P, suspectedTHC 5 Road trip desert stardust mushroom gummies, suspected Psilocybin ***Analysis forCDS and purity*** s T",Edible,,,703
Entry-703-419,"5 Road trip desert stardust mushroom gummies, suspected Psilocybin ***Analysis forCDS and purity*** s T t",Edible,,,703
Entry-704-420,V Brownbox.containing297assortedTHCedibles o E O Yes 0 Yes 181 No [81 No lt'\'1 ApproximateWeight=617.22grams,Edible,617.22,,704
Entry-704-421,s flower o E 0 Yes 0Yes -·······-·······---------·--············----------------·--·-····-- ?No ?No ?1 ApproximateWeight= 192.4 \,Likely Cannabis,,,704
Entry-704-422,"""mushroom""gummies o E O Yes 0Yes ····················--·····························---------------- fgl o ? l\o L(4À ApproximateWeight=507grams 7 E O Yes 0Yes",Edible,507.0,,704
Entry-712-423,"• 2918.3 gramsTHC • 616.6grams Psilocybin This report is in reference to a search and seizure warrant that was conducted atTobacco Town, located at",Likely Cannabis,616.6,,712
Entry-712-424,"THC and Psilocybin products illegally in Harford County, Maryland. I",Likely Cannabis,,,712
Entry-713-425,"TobaccoTown had a vast array ofTHC andpsilocybin products throughoutthe business to include pre rolled suspected marihuana ""blunts"", ""suspectedTHCgummies"", ""suspected THC vapes"", suspected loose marihuana, and suspectedpsilocybin. Page 2 713",Edible,,,713
Entry-713-426,"rolled suspected marihuana ""blunts"", ""suspectedTHCgummies"", ""suspected THC vapes"", suspected loose marihuana, and suspectedpsilocybin. Page 2 713",Edible,,,713
Entry-713-427,"marihuana, and suspectedpsilocybin. Page 2 713",Likely Cannabis,,,713
Entry-715-428,• 2918.3gramsTHC • 616.6grams Psilocybin,Likely Cannabis,616.6,,715
Entry-722-429,"1 Don't panic, it's organic cannibis flower, suspected marihuana 2 Muffins pre-roll vanilla bean dream, suspected marihuana 3 THC-O Gummies 2 pack, suspected THC 4 Modus Platnium blend diamond sauce CB9A + THC-P, suspected THC 5 Road trip desert stardust mushroom gummies, suspected Psilocybin",Edible,,,722
Entry-722-430,"2 Muffins pre-roll vanilla bean dream, suspected marihuana 3 THC-O Gummies 2 pack, suspected THC 4 Modus Platnium blend diamond sauce CB9A + THC-P, suspected THC 5 Road trip desert stardust mushroom gummies, suspected Psilocybin ***Analysis for CDS and purity***",Edible,,,722
Entry-722-431,"3 THC-O Gummies 2 pack, suspected THC 4 Modus Platnium blend diamond sauce CB9A + THC-P, suspected THC 5 Road trip desert stardust mushroom gummies, suspected Psilocybin ***Analysis for CDS and purity***",Edible,,,722
Entry-722-432,"4 Modus Platnium blend diamond sauce CB9A + THC-P, suspected THC 5 Road trip desert stardust mushroom gummies, suspected Psilocybin ***Analysis for CDS and purity***",Edible,,,722
Entry-722-433,"5 Road trip desert stardust mushroom gummies, suspected Psilocybin ***Analysis for CDS and purity***",Edible,,,722
Entry-723-434,"Brownboxcontaining297as ortedTHCedibles o E 0 Yes Oves f2]No f2]No ""f'\7 ApproximateWeight=617.22grams",Edible,617.22,,723
Entry-727-435,"1 Bag containing 3 prerolled cigarettes suspected Cannabis L \J ' ) -? ,i -? 2 Bag containing suspected THC gummies 7; -=l 1 \.I 3 bag containing package of suspected Psllccybln gummies ,;} -::.} 1 ') 317(¡ 4 bag containing suspected waxtype THC",Concentrate,,,727
Entry-727-436,"2 Bag containing suspected THC gummies 7; -=l 1 \.I 3 bag containing package of suspected Psllccybln gummies ,;} -::.} 1 ') 317(¡ 4 bag containing suspected waxtype THC 5 bag containing suspected cannabis ti v 1 .)- -· /) l ') -·+",Concentrate,,,727
Entry-727-437,"3 bag containing package of suspected Psllccybln gummies ,;} -::.} 1 ') 317(¡ 4 bag containing suspected waxtype THC 5 bag containing suspected cannabis ti v 1 .)- -· /) l ') -·+",Concentrate,,,727
Entry-727-438,4 bag containing suspected waxtype THC 5 bag containing suspected cannabis ti v 1 .)- -· /) l ') -·+,Concentrate,,,727
Entry-727-439,5 bag containing suspected cannabis ti v 1 .)- -· /) l ') -·+,Likely Cannabis,,,727
Entry-731-440,"1 Zip-lock bag with a plastic bag containing suspected Psilocybin gummies /. )/ )(7 l 11 2 Zip-Lock bag with suspected Cannabis v.:. 'k 7J 1 1, 3 Zip- Lock bag with a package containing suspected THC ediblesí ¡, I )v > . · J y 1? ,I",Edible,,,731
Entry-731-441,"11 2 Zip-Lock bag with suspected Cannabis v.:. 'k 7J 1 1, 3 Zip- Lock bag with a package containing suspected THC ediblesí ¡, I )v > . · J y 1? ,I ? 4 Zip-Lock bag with a box containing suspected THC vape cartridge,: 1, ),: )( J'( ' J .",Cartridge,,,731
Entry-731-442,"3 Zip- Lock bag with a package containing suspected THC ediblesí ¡, I )v > . · J y 1? ,I ? 4 Zip-Lock bag with a box containing suspected THC vape cartridge,: 1, ),: )( J'( ' J . 5 Zip-Lock bag with plastictube containing suspected Cannabis ¡ 'v \ I '",Cartridge,,,731
Entry-731-443,"? 4 Zip-Lock bag with a box containing suspected THC vape cartridge,: 1, ),: )( J'( ' J . 5 Zip-Lock bag with plastictube containing suspected Cannabis ¡ 'v \ I ' ;",Cartridge,,,731
Entry-731-444,5 Zip-Lock bag with plastictube containing suspected Cannabis ¡ 'v \ I ' ; / {,Likely Cannabis,,,731
is,. Each item is a sample of a larger batch per thattype of suspected CDS,Likely Cannabis,,,731
Entry-735-446,1 Ziploc bag containing suspected cannabis ?V- J.5omz..ß I? I 2 Ziploc bag containing a package of suspected Psilocybin gummies fV- 25'.UYLB\q 3 Zlploc bag containing three pre rolled suspected cannbis cigarettesfV-b(JJ..Jl'xiú 4 Ziploc bag containing suspected THC gummies fV ·,Edible,,,735
Entry-735-447,I 2 Ziploc bag containing a package of suspected Psilocybin gummies fV- 25'.UYLB\q 3 Zlploc bag containing three pre rolled suspected cannbis cigarettesfV-b(JJ..Jl'xiú 4 Ziploc bag containing suspected THC gummies fV · l5û..)<)·z.:73L\,Edible,,,735
Entry-735-448,3 Zlploc bag containing three pre rolled suspected cannbis cigarettesfV-b(JJ..Jl'xiú 4 Ziploc bag containing suspected THC gummies fV · l5û..)<)·z.:73L\,Edible,,,735
Entry-735-449,4 Ziploc bag containing suspected THC gummies fV · l5û..)<)·z.:73L\,Edible,,,735
Z56,5 Ziploc bag containing a package ofsuspected cannabis /;V - Z56..Y.J Z.<¡L L ' ',Likely Cannabis,,,735
Entry-739-451,"3 One (1)yellowzíploc baggie labeled ""Polaroid X Devour Cosmic Citrus"" gummies :)s&;3,",Edible,,,739
Entry-739-452,"4 One(1)pink/blue""flintstone""graphicboxlabeled""PolkaDot.mushroommagicblendbelgianchocolateFruityPebbles""",Edible,,,739
Entry-740-453,"1 One(1) yellowplasticpre-rolltubelabeled ""MunchiesJellyHole MangoTango""containingajointwithgreena",Preroll,,,740
Entry-740-454,"2 One(1)yeûíowplasticpre-rolltubelabeled""MunchiesJellyHolePinapplePoundcake"" containing ajointwithgreena",Preroll,,,740
Entry-740-455,"3 One (1) black/qreen plastic pre-roll tube labeled ""Yoda OG"" containing a joint",Preroll,,,740
Entry-740-456,"4 One(1)greengraphi?ab?led""PolkaDot,mushroommagicblend.belqlandarkchocolatemauicoconuttwist""",Edible,,,740
Entry-741-457,1 (1) One labeled manufactured cigarette containing plant-like material 2 (2) One labeled manufactured cigarette containing plant-like material 3 (3) One labeled manufactured cigarette containing plant-like material 4 (4) One labeled manufacturer-sealed multi-colored foil bag containing one brown ch,Flower,,,741
Entry-741-458,2 (2) One labeled manufactured cigarette containing plant-like material 3 (3) One labeled manufactured cigarette containing plant-like material 4 (4) One labeled manufacturer-sealed multi-colored foil bag containing one brown chocolate bar 5 (1) One labeled zipper-sealed multi-colored foil and color,Flower,,,741
Entry-741-459,3 (3) One labeled manufactured cigarette containing plant-like material 4 (4) One labeled manufacturer-sealed multi-colored foil bag containing one brown chocolate bar 5 (1) One labeled zipper-sealed multi-colored foil and colorless plastic bag containing plant-like material,Flower,,,741
Entry-741-460,4 (4) One labeled manufacturer-sealed multi-colored foil bag containing one brown chocolate bar 5 (1) One labeled zipper-sealed multi-colored foil and colorless plastic bag containing plant-like material 6 (2) One labeled zipper-sealed multi-colored foil and colorless plastic bag containing,Flower,,,741
Entry-741-461,chocolate bar 5 (1) One labeled zipper-sealed multi-colored foil and colorless plastic bag containing plant-like material 6 (2) One labeled zipper-sealed multi-colored foil and colorless plastic bag containing plant-like material,Flower,,,741
Entry-741-462,5 (1) One labeled zipper-sealed multi-colored foil and colorless plastic bag containing plant-like material 6 (2) One labeled zipper-sealed multi-colored foil and colorless plastic bag containing plant-like material 7 (3) One labeled manufacturer-sealed multi-colored foil bag containing eleven irreg,Flower,,,741
Entry-741-463,plant-like material 6 (2) One labeled zipper-sealed multi-colored foil and colorless plastic bag containing plant-like material 7 (3) One labeled manufacturer-sealed multi-colored foil bag containing eleven irregularly- shaped orange gummy candies,Flower,,,741
Entry-741-464,6 (2) One labeled zipper-sealed multi-colored foil and colorless plastic bag containing plant-like material 7 (3) One labeled manufacturer-sealed multi-colored foil bag containing eleven irregularly- shaped orange gummy candies 8 (4) One labeled manufacturer-sealed colorless plastic bag containing o,Flower,,,741
Entry-741-465,plant-like material 7 (3) One labeled manufacturer-sealed multi-colored foil bag containing eleven irregularly- shaped orange gummy candies 8 (4) One labeled manufacturer-sealed colorless plastic bag containing one labeled brown chocolate bar,Flower,,,741
Entry-741-466,7 (3) One labeled manufacturer-sealed multi-colored foil bag containing eleven irregularly- shaped orange gummy candies 8 (4) One labeled manufacturer-sealed colorless plastic bag containing one labeled brown chocolate bar Received Date Delivery Method Description Name/Airbill,Concentrate,,,741
Entry-741-467,shaped orange gummy candies 8 (4) One labeled manufacturer-sealed colorless plastic bag containing one labeled brown chocolate bar Received Date Delivery Method Description Name/Airbill 6/26/2025 FedEx 8822 9014 7625,Edible,,,741
Entry-741-468,chocolate bar Received Date Delivery Method Description Name/Airbill 6/26/2025 FedEx 8822 9014 7625 Results and Conclusions:,Edible,,,741
Entry-741-469,1 Cannabis Confirmed Total Delta-9-THC :i?: 1.00%byweight Weight 2.02 g (+/- 0.02 g) (net) 1 sample(s) tested,Likely Cannabis,2.02,,741
Entry-741-470,Total Delta-9-THC :i?: 1.00%byweight Weight 2.02 g (+/- 0.02 g) (net) 1 sample(s) tested,Likely Cannabis,2.02,,741
Entry-744-471,"*Total Delta-9-THC, Total THC, or Delta-9-THC + Delta-8-THC (as applicable) was not calculated because one or more of the component analytes was not present at or above the reporting limit, was not present within the calibration range, and/or was unable to be quantitated, as noted above. The contrib",Likely Cannabis,,,744
Entry-744-472,Total Delta-9-THC or Total THC (as applicable) from THCA corresponds to the reported THCA value multiplied by 0.88. Results reported with a backslash indicate compounds unable to be differentiated. NMS Labs does not offer testing to differentiate between these compounds. This report indicates the an,Likely Cannabis,,,744
Entry-745-473,1 1 One labeled manufactured cigarette containing plant-like material 2 2 One labeled manufactured cigarette containing plant-like material 3 3 One labeled manufactured cigarette containing,Flower,,,745
Entry-745-474,plant-like material 2 2 One labeled manufactured cigarette containing plant-like material 3 3 One labeled manufactured cigarette containing plant-like material,Flower,,,745
Entry-745-475,2 2 One labeled manufactured cigarette containing plant-like material 3 3 One labeled manufactured cigarette containing plant-like material 4 4 One labeled manufacturer-sealed multi-colored foil,Flower,,,745
Entry-745-476,plant-like material 3 3 One labeled manufactured cigarette containing plant-like material 4 4 One labeled manufacturer-sealed multi-colored foil bag containing one brown chocolate bar,Flower,,,745
Entry-745-477,3 3 One labeled manufactured cigarette containing plant-like material 4 4 One labeled manufacturer-sealed multi-colored foil bag containing one brown chocolate bar Date Released By Received By Purpose,Flower,,,745
Entry-745-478,"plant-like material 4 4 One labeled manufacturer-sealed multi-colored foil bag containing one brown chocolate bar Date Released By Received By Purpose 07/18/2025 MELISTON (Melanie F. Liston, B.S., Central Receiving » Central Receiving » Transfer to Secure Location",Flower,,,745
Entry-745-479,"4 4 One labeled manufacturer-sealed multi-colored foil bag containing one brown chocolate bar Date Released By Received By Purpose 07/18/2025 MELISTON (Melanie F. Liston, B.S., Central Receiving » Central Receiving » Transfer to Secure Location",Concentrate,,,745
Entry-745-480,"bag containing one brown chocolate bar Date Released By Received By Purpose 07/18/2025 MELISTON (Melanie F. Liston, B.S., Central Receiving » Central Receiving » Transfer to Secure Location",Edible,,,745
Entry-746-481,"manufactured cigarette containing plant-like material Date Released By Received By Purpose 07/18/2025 MELISTON (Melanie F. Liston, B.S., Central Receiving » Central Receiving » Transfer to Secure Location",Flower,,,746
Entry-746-482,"plant-like material Date Released By Received By Purpose 07/18/2025 MELISTON (Melanie F. Liston, B.S., Central Receiving » Central Receiving » Transfer to Secure Location",Flower,,,746
Entry-746-483,"manufactured cigarette containing plant-like material Date Released By Received By Purpose 07/18/2025 MELISTON (Melanie F. Liston, B.S., Central Receiving » Central Receiving » Transfer to Secure Location",Flower,,,746
Entry-746-484,"plant-like material Date Released By Received By Purpose 07/18/2025 MELISTON (Melanie F. Liston, B.S., Central Receiving » Central Receiving » Transfer to Secure Location",Flower,,,746
Entry-747-485,"manufactured cigarette containing plant-like material Date Released By Received By Purpose 07/18/2025 MELISTON (Melanie F. Liston, B.S., Central Receiving » Central Receiving » Transfer to Secure Location",Flower,,,747
Entry-747-486,"plant-like material Date Released By Received By Purpose 07/18/2025 MELISTON (Melanie F. Liston, B.S., Central Receiving » Central Receiving » Transfer to Secure Location",Flower,,,747
Entry-748-487,"manufacturer-sealed multi-colored foil bag containing one brown chocolate bar Date Released By Received By Purpose 07/18/2025 MELISTON (Melanie F. Liston, B.S., Central Receiving » Central Receiving » Transfer to Secure Location",Concentrate,,,748
Entry-748-488,"bag containing one brown chocolate bar Date Released By Received By Purpose 07/18/2025 MELISTON (Melanie F. Liston, B.S., Central Receiving » Central Receiving » Transfer to Secure Location",Edible,,,748
Entry-749-489,5 1 One labeled zipper-sealed multi-colored foil and colorless plastic bag containing plant-like material 6 2 One labeled zipper-sealed multi-colored foil and colorless plastic bag containing plant-like material 7 3 One labeled manufacturer-sealed multi-colored foil,Flower,,,749
Entry-749-490,colorless plastic bag containing plant-like material 6 2 One labeled zipper-sealed multi-colored foil and colorless plastic bag containing plant-like material 7 3 One labeled manufacturer-sealed multi-colored foil bag containing eleven irregularly-shaped orange,Flower,,,749
Entry-749-491,6 2 One labeled zipper-sealed multi-colored foil and colorless plastic bag containing plant-like material 7 3 One labeled manufacturer-sealed multi-colored foil bag containing eleven irregularly-shaped orange gummy candies,Flower,,,749
Entry-749-492,colorless plastic bag containing plant-like material 7 3 One labeled manufacturer-sealed multi-colored foil bag containing eleven irregularly-shaped orange gummy candies 7.1 3 Edible,Flower,,,749
Entry-749-493,7 3 One labeled manufacturer-sealed multi-colored foil bag containing eleven irregularly-shaped orange gummy candies 7.1 3 Edible 7.2 3 Edible,Concentrate,,,749
Entry-749-494,gummy candies 7.1 3 Edible 7.2 3 Edible 7.3 3 Edible 8 4 One labeled manufacturer-sealed colorless plastic,Edible,,,749
Entry-749-495,7.1 3 Edible 7.2 3 Edible 7.3 3 Edible 8 4 One labeled manufacturer-sealed colorless plastic bag containing one labeled brown chocolate bar,Edible,,,749
Entry-749-496,7.2 3 Edible 7.3 3 Edible 8 4 One labeled manufacturer-sealed colorless plastic bag containing one labeled brown chocolate bar Date Released By Received By Purpose,Edible,,,749
Entry-749-497,"7.3 3 Edible 8 4 One labeled manufacturer-sealed colorless plastic bag containing one labeled brown chocolate bar Date Released By Received By Purpose 07/18/2025 MELISTON (Melanie F. Liston, B.S., Central Receiving » Central Receiving » Transfer to Secure Location",Edible,,,749
Entry-749-498,"bag containing one labeled brown chocolate bar Date Released By Received By Purpose 07/18/2025 MELISTON (Melanie F. Liston, B.S., Central Receiving » Central Receiving » Transfer to Secure Location",Edible,,,749
Entry-750-499,"zipper-sealed multi-colored foil and colorless plastic bag containing plant-like material Date Released By Received By Purpose 07/18/2025 MELISTON (Melanie F. Liston, B.S., Central Receiving » Central Receiving » Transfer to Secure Location",Flower,,,750
Entry-750-500,"plant-like material Date Released By Received By Purpose 07/18/2025 MELISTON (Melanie F. Liston, B.S., Central Receiving » Central Receiving » Transfer to Secure Location",Flower,,,750
Entry-751-501,"zipper-sealed multi-colored foil and colorless plastic bag containing plant-like material Date Released By Received By Purpose 07/18/2025 MELISTON (Melanie F. Liston, B.S., Central Receiving » Central Receiving » Transfer to Secure Location",Flower,,,751
Entry-751-502,"plant-like material Date Released By Received By Purpose 07/18/2025 MELISTON (Melanie F. Liston, B.S., Central Receiving » Central Receiving » Transfer to Secure Location",Flower,,,751
Entry-751-503,manufacturer-sealed multi-colored foil bag containing eleven irregularly-shaped orange gummy candies Date Released By Received By Purpose,Concentrate,,,751
Entry-751-504,"irregularly-shaped orange gummy candies Date Released By Received By Purpose 07/18/2025 MELISTON (Melanie F. Liston, B.S., Central Receiving » Central Receiving » Transfer to Secure Location",Edible,,,751
Type,"Item Type:Exhibit: 7.1 - Edible Date Released By Received By Purpose 07/18/2025 MELISTON (Melanie F. Liston, B.S., Central Receiving » Central Receiving » Transfer to Secure Location",Edible,,,752
Type,"Item Type:Exhibit: 7.2 - Edible Date Released By Received By Purpose 07/18/2025 MELISTON (Melanie F. Liston, B.S., Central Receiving » Central Receiving » Transfer to Secure Location",Edible,,,753
Entry-754-508,"chocolate bar Date Released By Received By Purpose 07/18/2025 MELISTON (Melanie F. Liston, B.S., Central Receiving » Central Receiving » Transfer to Secure Location",Edible,,,754
Type,"Item Type:Exhibit:7.3-Edible Date Released By Received By Purpose 07/18/2025 MELISTON (Melanie F. Liston, B.S., Central Receiving » Central Receiving » Transfer to Secure Location",Edible,,,754
